id,name,level,charge,school,somatic,verbal,material,Mat-desc,consume,cost,cast,Cast-unit,ritual,duration,Duration-unit,concentration,range,Range-unit,target,Target-unit,Target-type,Acn-type,damage,Save-attr,show,descr,img
58I1UTE8ZV4CJ5W6,Adherent Embers,0,y,evo,y,y,y,"pieces of charcoal, which the spell consumes",y,,1,minor,n,1,minute,n,30,ft,1,,creature,rsak,"1d4+@mod,fire",,y,"<p><em>You stoke elemental fire within three pieces of charcoal, transforming them into clinging embers.</em></p><p>You create three magical embers. As an action, you can make a ranged spell attack to throw one of the embers at a target within 30 feet, dealing 1d4 + your spellcasting ability modifier fire damage on a hit.&nbsp;</p><p>You can also use the embers as ammunition for a sling or slingshot. When you hit with a weapon attack using an ember as ammunition, the weapon deals its normal damage but with its type converted to fire.</p><p>After you hit a target with an ember, it attaches to it for the duration of the spell and emits 5 feet of dim light. The next time a target with an attached ember takes damage that matches this spell&rsquo;s damage type, the ember is destroyed in a detonation and deals 1d4 fire damage to the attached target. The ember is harmlessly destroyed if it is submerged in a liquid, the attached target takes any cold damage, or a creature within reach uses its action to remove it.&nbsp;</p><p>If an ability modifies this spell&rsquo;s damage type to cold,then the ember is harmlessly destroyed whenever the target takes any fire damage rather than cold damage.</p><p>Charge: This spell can be Charged, modifying its effects for a cost:&nbsp;</p><ul><li>1 Mana: You can create up to six embers when you cast the spell.</li><li>1 Mana: The first ember to detonate before the spell ends deals 1d12 fire damage instead of 1d4.</li><li>2 Mana: Whenever the embers detonate, creatures within 5 feet of the target also suffer the damage.</li></ul>",icons/magic/fire/explosion-embers-orange.webp
PEHC9EYWN6B099P9,Astral Mote,0,y,con,y,y,n,,n,,1,action,n,,inst,n,30,ft,1,,creature,rsak,"1d8,radiant,1d12,radiant",,y,"<p>You draw radiant energy into a little mote of light and direct it towards a target within range, making the mote streak through the air like a shooting star. Make a ranged spell attack against the target. On a hit, the target takes 1d8 radiant damage.</p><p>&nbsp;If you cast this spell from a space that has an unobstructed view to the sky above, you can choose to have the mote originate from the sky instead of your hand. When you do, the damage die increases to 1d12 and the attack originates from the sky above the target for the purposes of determining what cover they benefit from.</p><p>Charge: This is a spell that can be Charged, modifying its effects. Costs and effects are as follow:</p><ul><li>1 Mana: On a hit, the target sheds 10 feet of dim light until the end of your next turn. For this duration, being @Compendium[undertaking.conditions.YE63H7VLOHW7NFHO]{Invisible} does not grant the target any benefits as its silhouette glows.</li><li>1 Mana: Create an additional mote, directing the attack towards the same or a different creature within range.</li><li>2 Mana: Create two additional motes, directing the attacks towards the same or different creatures within range.</li></ul>",icons/magic/light/projectile-stars-blue.webp
P8AYYAYOXXDCGM9B,Brace for Impact,0,n,abj,y,n,n,,n,,1,action,n,1,round,n,0,self,0,,self,util,,,n,"Extending your hands in front of you, you erect a thin, malleable barrier around yourself to help absorb the impact of incoming weapon attacks.  This grants you resistance against the physical aspects of weapon damage (bludgeoning, piercing, and slashing) until the end of your next turn.",icons/magic/defensive/barrier-shield-dome-deflect-teal.webp
S19PI54SQR9C8R14,Captivate,0,n,mes,y,y,n,,n,,1,action,n,1,minute,n,30,ft,1,,creature,save,,wis,n,"<p><em>You make yourself extremely engaging to another creature, capturing its full attention.</em></p><p>The target creature, while able to see you, has disadvantage on Wisdom (Perception) checks to perceive any creature besides you until the spell ends.</p><p>In addition, the target must make a Wisdom (Save) check. On a failed save, the creature must include you as a target for any attacks and harmful spells or abilities it attempts until the end of its next turn. This effect only restricts the creature&rsquo;s valid targets, it does not (on its own) provoke hostility from a creature that otherwise would not be inclined to harm you.</p><p>The spell immediately ends if the target is attacked or harmed by another creature.</p><p>Charge: This spell can be Charged, modifying its effects for a cost:&nbsp;</p><ul><li>1 Mana: This spell now requires Concentration. On a failed save the target is @Compendium[undertaking.conditions.KJXJ0T5RPNC51N4V]{Charmed} by you until the spell ends. When the condition ends, the creature knows that you charmed it and they become immune to this spell for 1 hour.</li></ul>",icons/magic/perception/eye-slit-orange.webp
MB7NWQ5H11LSIVV7,Caustic Needle,0,y,con,y,y,n,,n,,1,action,n,,inst,n,60,ft,1,,creature,rsak,"1d6,acid",,y,"<p>You form a needle of acidic material and thrust it towards a creature or an object that is not being worn or carried within range. Make a ranged spell attack against the target. On a hit, the target takes 1d6 acid damage and if it is a creature it gains the @Compendium[undertaking.conditions.R54LQEKSDXNQ3N75]{Bleeding} condition.</p><p>Each time you would inflict @Compendium[undertaking.conditions.R54LQEKSDXNQ3N75]{Bleeding} on a creature that is already at the maximum stacks, deal an additional 1d6 piercing damage instead.</p><p>Charge: This spell can be Charged, modifying its effects for a cost:&nbsp;</p><ul><li>1 Mana: Inflict two additional stacks of @Compendium[undertaking.conditions.R54LQEKSDXNQ3N75]{Bleeding} on a hit.</li><li>1 Mana: The acid damage is increased to 2d6.</li><li>2 Mana: The acid damage is increased to 3d6.</li></ul>",icons/magic/acid/projectile-needles-salvo-green.webp
127S65EU6LNRMM6M,Censorship,0,n,mes,n,y,n,,n,,1,minor,n,1,hour,y,60,ft,1,,creature,save,,pre,n,"Pick up to two words or one combination of words up to five words long and speak them.  One creature that you can see within range must make a Presence (Save) check.  On failure, the creature cannot speak, write, or mentally communicate the chosen words or phrase for the duration.",icons/skills/social/wave-halt-stop.webp
KH6D03TEJYZNA62N,Cold Snap,0,y,tra,y,y,n,,n,,1,action,n,1,round,n,60,ft,1,,creature,save,"1d8,cold",con,y,"<p><em>You cause the humidity to freeze and cling to a creature, chilling it and making sudden bursts of movement difficult.&nbsp;</em></p><p>The target must succeed on a Constitution (Save) check or take 1d8 cold damage and become @Compendium[undertaking.conditions.3BAHKVP3ZKFC7BJD]{Staggered} until the start of its next turn.</p><p>Charge: This spell can be Charged, modifying its effects for a cost:&nbsp;</p><ul><li>1 Mana: Upon failing the Constitution (Save) check, the creature is also @Compendium[undertaking.conditions.FIKTMW8NEOFEAKG6]{Hobbled} until the end of its next turn.</li><li>1 Mana: The cold damage is increased to 2d8.</li><li>2 Mana: The cold damage is increased to 3d8.</li></ul>",icons/magic/water/orb-ice-glow.webp
44UXH5FVH6EK2UI9,Disuse Atrophy,0,n,nec,y,n,n,,n,,1,action,n,1,minute,y,0,touch,1,,creature,util,,,n,"<p>The target living creature is affected by one of the following effects: </p><ul><li>The target has disadvantage on either Strength (Save) or Constitution (Save) checks for the duration.</li><li>If the creature has 0 hit points, the creature gains one level of @Compendium[undertaking.conditions.ERBR3AG01H4N1L91]{Exhaustion}.</li></ul><p>The effects of this spell cannot be stacked.  This spell has no effect on undead or constructs.</p>",icons/magic/unholy/hand-marked-pink.webp
AH9WKC83KALKQQ19,Elemental Cloak,0,y,tra,n,y,y,weapon,n,,1,action,n,,indef,y,0,touch,1,,object,util,,,n,"<p>Your weapon surrounds itself with an aura of the element of your choice from the following list: Fire, Cold, Lightning, or Force.  You can only choose one per casting, and it cannot be changed during the spell’s duration.<br>&nbsp;&nbsp;&nbsp;&nbsp;For the duration of the spell, the target weapon deals an extra 1d4 of the damage type chosen, on top of its normal damage.</p><p>&nbsp;</p><p>Charge: This is a spell that can be Charged, modifying its effects. Costs and effects are as follow:</p><ul><li>4 Mana: Deals 2d4 damage of the chosen type.</li><li>8 Mana: Deals 3d4 damage of the chosen type.</li></ul>",icons/magic/fire/dagger-rune-enchant-flame-strong-orange.webp
IJ97BYFB2ANTKOSW,Force of Will,0,n,tra,y,y,n,,n,,1,action,n,1,minute,n,30,ft,,,object,util,,,n,"<p>Using a minor form of telekinesis, you force your will outward and find yourself able to manipulate objects for a short amount of time.<br>&nbsp;&nbsp;&nbsp;&nbsp;Anything you can see within 30 feet of you can be affected by this spell, and you can manipulate any object as you would with your own hand.  You can open a jar or unlocked door, pour a glass of tea, retrieve something from a bag that’s too far away, or put something back in it without having to get up.<br>&nbsp;&nbsp;&nbsp;&nbsp;This ability can only affect things that you could physically grab and move with your own hands.  <br>&nbsp;&nbsp;&nbsp;&nbsp;This effect lasts until the duration runs out, or it is dismissed.  You cannot use this ability to use a weapon to attack, activate magical items, and it has a carry limit of 5 pounds. </p>",icons/magic/unholy/strike-hand-glow-pink.webp
4XTJQ4LL9IHP54SB,Illusory Object,0,n,ill,y,n,y,a pinch of malleable material,n,,1,action,n,1,minute,n,30,ft,,,object,util,,,n,"<p>Picturing something that you've seen or imagined, you wave your hand and use your magic to visualize it within the world itself.  <br>You can do one of the following:</p><ul><li> Create up to three simple illusions that fit within 1 square foot.  So long as you can see the illusory object unobstructed, then you can re-form the image as a minor action, or move it up to a total of 30 feet per round, shared between each of your illusory objects, as a free action.  <ul><li>Simple illusions do not have intricate carvings, textures, or multiple parts.  A pocket watch might be a simple illusion, but no gears could be showing and it might lack a chain or any intricate designs.  </li></ul></li><li>Create one complex illusion that fits within 5 square feet.  So long as you can see the illusory object unobstructed, then you can re-form the image as an action, or move it up to a total of 15 feet per round as a minor action.  </li></ul><p><br>&nbsp;&nbsp;&nbsp;&nbsp;These illusory objects cannot give off light, sound, smell, or any other sensory effect, and are revealed as illusions when physically interacted with since objects pass through them.  If a creature examines an illusion, it can succeed in determining that it’s an illusion with a successful Intelligence (Investigation) check against your Spell Save DC.  Reduce the Spell Save DC by 3 for this roll if the illusory object is complex.  Attempting to simulate living creatures causes it to appear obviously illusory without the need to make a check.</p>",icons/consumables/drinks/clay-jar-glowing-orange-blue.webp
0JWJ9J7A2AMSNDK0,Jolt,0,y,evo,y,n,n,,n,,1,action,n,,inst,n,60,ft,1,,creature,rsak,"1d10,lightning",,y,"<p>A quick jolt of electricity leaps from your finger towards a visible target within range.  Make a ranged spell attack against the target, and if it hits, this spell deals 1d10 lightning damage.</p><p>&nbsp;</p><p>Charge: This is a spell that can be Charged, modifying its effects. Costs and effects are as follow:</p><ul><li> 1 Mana: The range is increased to 120 feet.</li><li> 1 Mana: The lightning damage is increased to 2d10.</li><li> 2 Mana: The lightning damage is increased to 3d10.</li></ul>",icons/magic/lightning/bolt-strike-streak-yellow.webp
NTGJ71IJ1VDA3GS9,Luminescence,0,n,evo,y,n,n,,n,,1,action,n,1,hour,n,0,self,0,,self,util,,,n,Your form glows with light at the casting of this spell.  You shed bright light in a radius of 15 feet and dim light for an additional 15 feet.  This light can be colored to your liking.,icons/magic/light/light-lantern-lit-white.webp
1UP8YL8Z33NMUI5P,Minor Wonder,0,n,tra,n,y,n,,n,,1,action,n,1,minute,n,30,ft,,,,util,,,n,"<p>With a spoken word, you invoke a minor, supernatural wonder.  You create one of the following effects within range:<ul><li>Your face or body glows with a faint light.  You faintly glow in the dark and cast dim light 5ft from you while glowing in this way.</li>  <li>Your voice booms and becomes three times as loud for 1 minute.</li>  <li>Harmless tremors shake the ground within range for 1 minute.</li>  <li>You can cause one ration to feed up to 5 people for a day.</li>  <li>You can cause up to 1 liter of water to turn into 1 liter of cheap wine or vice versa.</li><li>You create an instantaneous sound from a point within range, such as a rumble of thunder, rustling trees, the caw of a raven, or ominous whispers.  This cannot be used to mimic coherent voices or long-lasting, linear sounds, like music.</li>  <li>When used in a freshwater pond or river populated with fish, the first fish caught within the duration has 1gp in its mouth.  This can only be done once per long rest.</li></ul></p>",icons/magic/holy/prayer-hands-glowing-yellow-green.webp
Q31B0A3FNPWP10MQ,Prying Whispers,0,y,div,y,y,n,,n,,1,action,n,1,round,n,60,ft,1,,creature,save,"1d6,psychic",wis,y,"<p>You point at a creature within range that can hear you and utter a wordless, cryptic whisper. The target hears a hollow voice invoke their deepest insecurities and secrets as a sourceless voice in a language they understand. <br />The creature must make a Wisdom (Save) check. On failure, their insecurities wrack their mind, suffering 1d6 psychic damage. In addition, the first time they hit with an attack before the end of their next turn, they must roll the damage twice and use the lower result.</p><p>Charge: This is a spell that can be Charged, modifying its effects. Costs and effects are as follow:</p><ul><li>1 Mana: The creature must roll damage twice and use the lower result for all attacks it makes before the end of its next turn.</li><li>1 Mana: The psychic damage is increased to 2d6.</li><li>2 Mana: The psychic damage is increased to 3d6.</li></ul>",icons/magic/control/mouth-smile-deception-purple.webp
DTPPMUPRVRY3XXMS,Salvo,0,y,evo,y,n,n,,n,,1,action,n,,inst,n,10,ft,1,,creature,save,"1d8,force",con,y,"<p>Opening your mouth or palm toward a target, a concussive burst erupts. The target must make a Constitution (Save) Check or take 1d8 force damage and be forced 5ft away from you.</p><p>Objects not worn, held, or affixed, are automatically launched if Medium or smaller.</p><p>Charge: This is a spell that can be Charged, modifying its effects. Costs and effects are as follow:</p><ul><li>1 Mana: The target is moved an additional 10 feet.&nbsp;</li><li>1 Mana: The target is pulled instead of pushed.&nbsp;</li><li>1 Mana: The spell&rsquo;s range increases to 60ft.</li></ul>",icons/magic/sonic/explosion-shock-sound-wave.webp
0UML5AJIEZESNC56,Stability,0,n,abj,y,n,n,,n,,1,action,n,1,minute,y,0,touch,1,,creature,util,,,n,"<p>A living creature you touch begins to feel a solidarity and control in their system.  Choose two of the following effects to happen:</p><ul><li>If the creature has 0 hit points, the creature becomes stabilized.</li><li>The creature cannot be unwillingly moved from its spot for the duration.  This effect ends if the target chooses to move more than 5ft.</li><li>The creature is immune to being knocked @Compendium[undertaking.conditions.RK3DF56CKMQUV6DM]{Prone} for the duration.</li>  </li></ul><p>The effects of this spell cannot be stacked.  This spell has no effect on undead or constructs</p>",icons/environment/settlement/columned-forum.webp
NY714SIJXYY024UD,Alleviate,1,y,nec,y,n,n,,n,,1,action,y,10,minute,y,0,touch,1,,creature,util,,,n,"<p>Gently laying your hands upon a creature, one condition of your choice on the target is temporarily disabled for the duration.  @Compendium[undertaking.conditions.FGVFFYGPAFQGZ5RP]{Grappled}, @Compendium[undertaking.conditions.RK3DF56CKMQUV6DM]{Prone}, @Compendium[undertaking.conditions.1EK5V6KTYAWC6S69]{Restrained}, and @Compendium[undertaking.conditions.JCWGEKZSDQWLCE3O]{Suffocating} cannot be alleviated.<br>&nbsp;&nbsp;&nbsp;&nbsp;Should the creature receive the condition again, you must make a concentration check at disadvantage.  <br>&nbsp;&nbsp;&nbsp;&nbsp;Should the removed condition be @Compendium[undertaking.conditions.9KB959MRZ0H4IT4C]{Unconscious}, the creature awakes and is able to act as normal, but has 0 hit points, still makes death throws at the beginning of its turn, and takes damage as death throw fails.</p><p>&nbsp;</p><p>Charge: This is a spell that can be Charged, modifying its effects. Costs and effects are as follow:</p><ul><li>1 Mana: Disable an additional effect on the target.</li><li>1 Mana: Disable the same effect on yourself for the duration.</li></ul>",icons/magic/holy/barrier-shield-winged-cross.webp
7N5KBCOM40ZX65EO,Arcane Arrows,1,y,evo,y,y,n,,n,,1,action,n,,inst,n,120,ft,,,creature,other,"1d4+1,chaos",,n,"<p>Drawing your arms as if drawing a bow, three arrows of raw magic appear as if nocked in an unseen weapon.  With a flick of the hand, you send these three magic arrows outward and towards your foes.  These arrows hunt unerringly for their target and deal 1d4+1 chaos damage each.  <br>&nbsp;&nbsp;&nbsp;&nbsp;You have to be able to see the target for an arrow to hit them.  You can direct these arrows to hit one or several targets, and they all strike simultaneously.  However, a single arrow can only hit one target.<br><br>Charge: This spell can be Charged, increasing the spell’s damage.  Costs and effects are as follow: <ul><li>1 Mana: Casts an additional bolt</li><li>3 Mana: Casts two additional bolts</li></ul></p>",icons/weapons/ammunition/arrowhead-glowing-blue.webp
N4PE33ACTOXHF3FJ,Biting Wind,1,y,evo,y,y,n,,n,,1,action,n,1,minute,y,0,self,5,ft,sphere,save,"1d6,cold,1d6,slashing",dex,n,"<p>Throwing your hands out, you bring forth a sharp blast of cold wind outwards from yourself in a 15 foot diameter sphere centered on you.  <br>&nbsp;&nbsp;&nbsp;&nbsp;When you cast the spell, any creature within the sphere, except you, must succeed on a Dexterity (Save) check.  A failed throw results in being knocked back 10 feet and taking 1d6 cold damage and 1d6 slashing damage.  A successful save negates the push, and the creature takes half damage.  <br>&nbsp;&nbsp;&nbsp;&nbsp;On each of your turns until the spell ends or concentration is broken, you can use your action to cast the effects of this spell again at no extra cost.</p><p>&nbsp;</p><p>Charge: This is a spell that can be Charged, modifying its effects. Costs and effects are as follow:</p><ul><li>2 Mana: The cold damage increases to 2d6 and the radius of the sphere increases to 10ft.</li><li>2 Mana: The slashing damage increases to 2d6 and creatures that fail their save are pushed an additional 5ft.</li></ul>",icons/magic/air/wind-weather-snow-gusts.webp
LO6PLV28RA6CBCLU,Burst Into Flames,1,y,evo,y,y,y,a pinch of ash,n,,1,action,n,,inst,n,10,ft,1,,creature,save,"3d6,fire",dex,n,"<p>With a snap of the fingers, a small spark of energy flairs up and attempts to ignite a target that you can see.  The target must make a Dexterity (Save) check. On a failed save, they take 3d6 fire damage and are set on fire. On a success, they take half as much damage and are not set on fire.  <br>&nbsp;&nbsp;&nbsp;&nbsp;While a creature is on fire from this spell, they suffer 1d6 fire damage at the start of each of their turns and shed 5ft of bright light plus an additional 5ft of dim light. At the end of each of the creature’s turns they can repeat their save, putting the fire out on a success. A burning creature can also be extinguished by being submerged in a liquid, or if any creature within reach uses their action to put the fire out.<br><br>Charge: This spell can be Charged, modifying the spell’s damage.  Costs and effects are as follow: <ul><li>2 Mana: While the target of the spell is on fire, Creatures that end their turn within 5 feet of it must make a Dexterity (Save) check. On a failed save, that creature is also set on fire.</li><li>2 Mana: The initial fire damage increases to 5d6.</li></ul></p>",icons/magic/fire/explosion-flame-lightning-strike.webp
TT94JMKOUYP2WM96,Cojoin Familiar,1,n,con,y,y,y,"1lb bag of various crystals, herbs, and oils",n,,1,hour,y,,indef,n,5,ft,1,,creature,util,,,n,"<p>You forge an indefinite bond with a lesser spirit from beyond the material plane, entwining its essence with your very soul. The familiar appears in an unoccupied space within 5 feet of you, taking the form of an animal that uses the statistics of an <em>Attack Dog, Cat, Crow, Eel, Frog, Homing Bird, Lizard, Pig, Serpent, </em>or <em>Tarantula,</em> except that its creature type is Celestial, Fey, or Fiend and it does not have its own hit points. As explained below, you can control, share the senses of, and fight alongside your familiar, amongst other things.</p><p>You control your familiar at will, and while your familiar is within 100 feet of you, you can use your minor action to peer through its eyes and share all of its senses. While doing this, you are @Compendium[undertaking.conditions.ADW4EH0NKRDCRCA4]{Blinded} and @Compendium[undertaking.conditions.WK17M9FZR08DRUP1]{Deafened} to your own surroundings, and unable to take minor actions. You can end this state at will.</p><p>Your familiar doesn&rsquo;t enter initiative in combat. Instead, it acts on your turn at your command. In addition to moving, you can command it to take one of the following sub-set of actions: <strong>Dash</strong>, <strong>Disengage</strong>, <strong>Hide</strong>, or <strong>Self-Defense</strong>. Alternatively, you can take a minor action to command the familiar to remove this limit and let it take any action it&rsquo;s capable of, such as the <strong>Attack</strong> or <strong>Assist</strong> action.</p><p>As familiars lack their own initiative, they cannot take <strong>Desperate Actions</strong>. However, you can use your desperate action to command your familiar to immediately take an action in your stead. In addition, so long as your familiar is within 100 feet of you, you can spend your reaction to cast Touch spells through your familiar, allowing you to target creatures adjacent to either of you.</p><p>As part of your contract with the lesser spirit, whenever your familiar would take damage, you lose hit points instead. This happens after taking the familiar&rsquo;s modifiers and resistances into account. If both you and your familiar are targeted by the same hostile area of effect, instead of taking both damage results, you suffer disadvantage on any save checks to resist the effect made during the current turn. Your familiar is instantly banished to a pocket dimension when your hit points reach 0.</p><p>As a minor action, you can banish your familiar to a pocket dimension or summon your banished familiar to an unoccupied space within 5 feet of you. While in this pocket dimension, the familiar is @Compendium[undertaking.conditions.3CQC3JEY2C3Y721F]{Incapacitated} and requires no sustenance. If you die, your familiar is released from its pocket dimension, as well as its bond.</p><p>You can only have one familiar at a time. If you cast this spell when you already have a familiar, you can choose to replace its form with one from the list above. If you decide to get rid of your familiar, you can permanently dismiss it as an action, ending the spell.</p>",icons/creatures/mammals/cat-hunched-glowing-red.webp
37VLMG8DVH1QVCYM,Conduit Shock,1,y,evo,y,y,n,,n,,1,action,n,,inst,n,20,ft,20,ft,line,rsak,"1d10,lightning,2d6,lightning",dex,n,"<p>A jolt of electricity reaches from you toward a creature within range. Make a ranged spell attack against the target, ignoring any cover bonuses resulting from other creatures obstructing the attack's path. On a hit, the creature takes 1d10 lightning damage. Hit or miss, the target and any creature standing in a line between you and the target must make a Dexterity (Save) Check to avoid an arc of lightning that briefly flickers between you and your target. Creatures in the line take 2d6 lightning damage on a failed save, or half as much on a success.<br><br>Charge: This is a spell that can be Charged, modifying its effects. Costs and effects are as follow: <ul><li>1 Mana: The spell's range increases to 30 feet.</li><li>1 Mana: The attack deals 1d8 additional lightning damage to its target for each creature in the line that fails the save. </li><li>3 Mana: The lightning damage on a failed save increases to 4d6. </li></ul></p>",icons/magic/lightning/bolt-beam-strike-blue.webp
NI3IWI89HKX1VH6R,Conjure Fundamental,1,y,con,y,n,y,a pound of clay or other moldable material,n,,1,action,y,1,minute,n,30,ft,1,,object,util,,,n,"<p>Shaping the clay in your hands, you envision what you molded filling the space, conjuring a simplified shape of a similar design unto the world with a soft pop sound.&nbsp;&nbsp;</p><p>You can create one of the following solid shapes for the duration.&nbsp; This shape can be no smaller in height, width, or length, than 1 inch.&nbsp; When you do so, choose a simple, opaque texture and pattern to appear on it.&nbsp; This pattern can repeat, but can be no more complex than solid wood grain or brick, and the texture cannot affect the shape of the object more than a centimeter.&nbsp; The weight of the shape is 1-20lbs, decided upon its conjuration.</p><ul><li>Cube: 1-10sqft.</li><li>Plane: 1-5ft width, 1-20ft length, and 1 centimeter flat platform.</li><li>Sphere: 5-10ft diameter.</li><li>Cylinder: 1-15ft height pillar, 1-5ft diameter.</li><li>Pyramid: 1-10ft base and height.</li><li>Triangular Prism: 1-10ft length, 1-10ft width and height.</li><li>Octahedron: 1-10ft diameter from point to point.</li><li>Cone: 1-5ft height, 1-5ft diameter base.</li></ul><p>&nbsp;</p><p>Charge: This is a spell that can be Charged, increasing the effects at the cost of extra Mana:&nbsp;</p><ul><li>1 Mana: Conjure an additional shape.&nbsp;&nbsp;</li><li>2 Mana: Conjure two additional shapes.</li></ul>",icons/magic/symbols/squares-3d-green.webp
AH3FXOM907Z8TW25,Eleemosynary,1,y,abj,y,y,y,a sprinkle of holy water,n,,1,action,n,,inst,n,0,touch,1,,creature,util,,,n,"<p>Sprinkling holy water on another creature, you move one positive 1st level spell effect currently affecting you to your target, dispelling the effect from you.  The effect picks up where it left off on the other creature’s next turn, ignoring the turn that this spell was cast.  <br>&nbsp;&nbsp;&nbsp;&nbsp;Charge: This spell can be Charged to move spells of 2nd level or higher by spending Mana equal to the cost of the spell that you are moving.  This spell cannot move 8th or 9th level spell effects.</p>",icons/containers/boxes/box-gift-green.webp
5F78LN7YILWPNJL2,Ethereal Mail,1,n,abj,y,y,y,a piece of cured leather,n,,1,action,n,8,hour,n,0,touch,1,,creature,util,,,n,"<p>Touching a willing creature who isn’t wearing armor, you wreath them in a protective set of ghostly mail.  The target’s base AC is now:<br><br>13 + Dexterity modifier<br><br>This spell ends if the target dons armor or if you dismiss the spell with an action.</p>",icons/magic/defensive/shield-barrier-blue.webp
4952YYFV3OJ53IKQ,Fists of Stone,1,n,tra,y,y,n,,n,,1,minor,n,1,minute,n,0,touch,1,,creature,util,,,n,"<p>This spell hardens the fists, claws, or other natural weapons of the target creature.  For as long as this spell is active, the creature has proficiency in unarmed strikes, and the damage of their unarmed and natural weapon strikes increases by one die size.  (Refer to the ‘Steps in Damage Size Table’ in “Chapter 6: How to Play”)</p>",icons/magic/earth/strike-fist-stone-gray.webp
FBBZHRD9FHGJV2C4,Hypothermia,1,y,evo,y,n,y,a chime on a string and something to strike it with,n,,1,action,n,1,minute,y,30,ft,1,,creature,save,"2d8,cold,1d8,cold",con,n,"<p>You strike a shrill tone and focus it towards a creature you can see within range, sending a terrible chill through its body. The creature must succeed on a Constitution (Save) check or take 2d8 cold damage and its movement speed is reduced by 10 feet until the spell ends. On a success, the creature takes half and the spell ends. Creatures acclimatized to cold weather have advantage on the save.<br>&nbsp;&nbsp;&nbsp;&nbsp;Until the spell ends, you can use your action once per turn to intensify the icy sensation, causing the creature to suffer 1d8 cold damage and reducing its speed by an additional 5 feet for the duration of the spell. The spell cannot reduce a creature’s speed below 15 feet. The spell immediately ends if the target ends its turn more than 30 feet away from you.<br><br>Charge: This is a spell that can be Charged, modifying its effects. Costs and effects are as follow: <ul><li>1 Mana: A flying creature slowed by this spell must make a Constitution (Save) check at the beginning of each of its turns or fall 10 feet. </li><li>2 Mana: The initial cold damage increases by 1d8, and on a failed save check the target’s movement speed is reduced by an additional 5 feet.</li></ul></p>",icons/magic/water/heart-ice-freeze.webp
PZLUQ36LJVGLMZ4R,Lash Out,1,y,evo,n,y,n,,n,,1,action,n,,inst,n,0,self,10,ft,sphere,save,"1d4,chaos,1d12,chaos",dex,n,"<p>By fiercely separating the energies in the surrounding air and releasing them again, you cause thin rippling tendrils of chaotic energy to shoot outwards from your space before dissipating.  All other creatures within 10 feet of you must make a Dexterity (Save) check.  On a failure, the creature takes 1d4 chaos damage, and if the creature is within 5 feet of you it takes an additional 1d12 chaos damage.  On success, they take half damage.</p><p>&nbsp;</p><p>Charge: This is a spell that can be Charged, modifying its effects. Costs and effects are as follow:</p><ul><li>1 Mana: The radius increases by 5 feet, and all creatures in the spell’s area take the extra damage, not just those within 5 feet of you.</li><li>2 Mana: The baseline and extra chaos damage increase to 2d4 and 2d12 respectively.</li></ul>",icons/magic/unholy/strike-body-life-soul-purple.webp
OK48R80X6F22TZ7D,Magic Missive,1,y,div,n,y,y,"A signed book worth at least 5gp, which the spell partially consumes",y,5,1,minute,y,7,day,n,25,mi,1,,creature,util,,,n,"<p>When you cast this spell, you can communicate with any creature that has signed the book you hold. Address a creature by name and dictate a message consisting of up to 30 words to it. The book flips open to its first empty page and the words you dictate appear on the page in your handwriting as you speak them. The spell fails if you address your message to a creature that has not written its own name on the inside cover of the book, or if there are no remaining blank pages in the book.</p><p>Once you finish dictating the message, the page tears itself from the book, folds into a glider, and takes flight at a speed of 180 feet per round (20 miles per hour). If the recipient is within the spell&rsquo;s range, the message travels to them by the shortest route that is safe for it to do so, otherwise it travels to a random point within the spell&rsquo;s range. When the message arrives it unfolds and hovers gently for 6 seconds or until held. The message, when held by the target creature, imparts an understanding that they can dictate a reply of 30 words of their own, which the spell inscribes on the back of the sheet. When their reply is finished, the page refolds and travels back to you at the same speed, as long as you are still on the same plane of existence as it. The spell ends when the reply reaches you or if the recipient does not reply within 10 minutes of receipt.</p><p>The message deftly avoids collisions as it travels. The seeking magic fades from the message if it takes damage, has an object attached to it, or is manually unfolded during transit. While under the effect of the spell, the page can&rsquo;t be marked or altered by mundane means. If all paths to the message&rsquo;s target are cut off (for example the message or target is inside a closed room) it taps gently against the obstacle blocking it until a path becomes available or the spell&rsquo;s duration expires.</p><p>Charge: This is a spell that can be Charged, modifying its effects. Costs and effects are as follow:</p><ul><li>1 Mana: The spell&rsquo;s range is increased to 75 miles. (the rough equivalent of three day&rsquo;s travel by horse)</li><li>3 Mana: The spell&rsquo;s range encompasses the plane of existence you are currently on.</li></ul>",icons/sundries/documents/envelope-sealed-red-brown.webp
DR1S6TA7ZZHXVKVY,Menacing Visage,1,n,ill,y,y,n,,n,,1,action,n,1,minute,n,60,ft,1,,creature,save,,wis,n,"When you cast this spell you must designate a single target within range that you can see.  That target makes a Wisdom (Save) check.  If it fails, the target has disadvantage on attacks against the caster for the next minute.  The target repeats the save check at the end of each of their turns, ending the effect upon success.",icons/magic/death/skull-energy-light-purple.webp
MRQUPL1D078DKFR2,No Reproach,1,n,abj,y,y,n,,n,,1,minor,n,1,minute,n,30,ft,1,,creature,util,,wis,n,"<p>With a flick of your wrist and a magic word, you cast a ward on a creature or object.  While in effect, an attack roll made against the warded target causes the attacker to first make a Wisdom (Save) check.  On failure, the attacker must change the target of its attack or else the attack fails.  <br>&nbsp;&nbsp;&nbsp;&nbsp;If the warded target harms or attacks another creature, or casts a spell on an enemy creature, this spell ends.</p>",icons/magic/holy/meditation-chi-focus-blue.webp
V4RW5MFB4N243CDA,Open Wound,1,y,nec,y,y,n,,n,,1,action,n,,inst,n,0,touch,1,,creature,msak,"3d10,necrotic",,n,"<p>You reach your hand out and make a melee spell attack against a creature you can reach.  On hit, the creature takes 3d10 necrotic damage as their skin and tendons open up where you touch.<br><br>Charge: This is a spell that can be Charged, modifying its effects. Costs and effects are as follow: <ul><li>1 Mana: The necrotic damage increases to 4d10. </li><li>3 Mana: The necrotic damage increases to 5d10.</li></ul></p>",icons/magic/unholy/hand-fire-skeleton-pink.webp
N3BHT4QNPIDGVC6C,Nocuous Bubble,1,y,evo,y,y,n,,n,,1,action,n,1,round,n,30,ft,1,,creature,rsak,"1d12,poison",con,n,"<p>Placing your hands together and drawing them apart, you form a bubble of toxic material which launches towards a target within range. Make a ranged spell attack against the target, dealing 2d8 poison damage on a hit.<br>&nbsp;&nbsp;&nbsp;&nbsp;Hit or miss, the bubble bursts and disperses noxious gas. The target and each creature within 5 feet of it must succeed on a Constitution (Save) check or become @Compendium[undertaking.conditions.9X088PM7H5U2S1HQ]{Sickened} until the end of your next turn.  <br><br>Charge: This is a spell that can be Charged, modifying its effects. Costs and effects are as follow: <ul><li>1 Mana: The radius of the noxious gas increases to 10 feet. </li><li>1 Mana: Creatures that fail the Constitution (Save) check to avoid becoming @Compendium[undertaking.conditions.9X088PM7H5U2S1HQ]{Sickened} also take 1d8 poison damage. </li></ul></p>",icons/magic/acid/orb-bubble-smoke-drip.webp
XGGRB00TO6WCQRWR,Proclaim,1,y,evo,y,y,y,a holy symbol or focus,n,,1,action,n,1,round,n,0,self,20,ft,sphere,save,"1d12,radiant",dex,n,"<p>Holding out your holy symbol, you proclaim the tenants or teachings of your faith and the symbol begins to shine with radiant light.  All other creatures within a 20ft radius of you must make a Dexterity (Save) check, taking 1d12 radiant damage on a failure or half as much on a success.  All Fiends make saves against this spell at disadvantage.  You conclude your speech at the start of your next turn and can choose to repeat this damaging effect as a non-action, prompting a new save from each creature that is within 20ft of you.<br>&nbsp;&nbsp;&nbsp;&nbsp;For the duration of the spell, your holy symbol sheds bright light for 20ft and dim light for an additional 20ft.  <br><br>Charge: This is a spell that can be Charged, modifying its effects. Costs and effects are as follow: <ul><li>1 Mana: The duration of the bright light cast by this spell extends to 1 minute, or until you lower your holy symbol, whichever comes first.  As an action during this duration, you can force one target within the light to make a Dexterity (Save) check, taking 1d10 radiant damage on a failure or half as much on a success. </li></ul></p>",icons/magic/light/explosion-beam-impact-silhouette.webp
OGEU1VGI5A8Z8T0L,Sacrament,1,n,abj,y,n,n,,n,,1,hour,y,,,n,0,touch,,,,util,,,n,"<p>You perform a special magical ritual related to your religion or beliefs. Throughout the duration, the object cannot move more than 10ft away from you or the spell fails. When you cast the spell, choose one of the following ceremonies to perform:</p><ul><li>One flask-worth of water you touch turns into holy water. This purifies the liquid of diseases, added poisons, and all other trace additives. This process cannot purify any liquid that is not mostly water. The holy water becomes plain water once again after 24 hours.</li><li>You touch one willing or @Compendium[undertaking.conditions.9KB959MRZ0H4IT4C]{Unconscious} creature whose morality has been magically changed and make a DC 20 Wisdom (Theology) check. On success, you restore the creature&rsquo;s original moral alignment for 1 hour, though the curse or causes of other effects may remain.</li><li>You touch one corpse. The corpse cannot be raised for the next 7 days.</li><li>You touch one object. No creature can possess or take control of the object for the next 7 days. If the object is already possessed and is not cursed or bound to the object by magic, the soul is expelled from the object as part of the process.</li><li>You touch two creatures willing to be bonded together in marriage. For the first 7 days, both targets replace their lowest attribute with the other person&rsquo;s matching attribute, if it is higher, while within 30ft of each other. <br />This effect cannot be used on the same two creatures more than once.</li></ul><p>Charge: This spell can be Charged, modifying its effects for a cost:&nbsp;</p><ul><li>25gp worth of powdered silver: Holy Water created with this component no longer turns back into plain water.</li><li>25gp worth of powdered silver: Moral alignments are restored indefinitely.</li></ul>",icons/magic/holy/chalice-glowing-gold.webp
E5JHRIBZ22X07BP7,Scan,1,y,div,y,y,n,,n,,1,action,y,,inst,n,0,touch,1,,object,util,,,n,"<p>Interacting with and inspecting the target, as well as mumbling some divination chants, you can determine information about an object or creature.</p><ul><li><strong>Objects:</strong> Choose one of the following:</li><ul><li>If the object is a magic item, and if so immediately make an identification check with a +5 to the result to identify the magic item.</li><ul><li>This effect cannot be applied if the mana cost of this spell is reduced to 0.</li></ul><li>Add +5 to your next Intelligence (Investigation) check to investigate the object within the next minute.</li><li>You learn what primary material the object or a specific part of the object is made of.</li></ul><li><strong>Creatures:</strong> Choose one of the following:</li><ul><li>Learn of one spell effect or condition currently affecting the creature. This cannot determine specific diseases afflicting the creature.</li><li>You learn the target&rsquo;s creature type, highest and lowest attributes, and its highest skill check bonus.</li><li>You learn either a weakness, resistance, or immunity, that the creature has. If they have none of those, you will learn one from another category instead.</li></ul></ul><p>Charge: This is a spell that can be Charged, modifying its effects. Costs and effects are as follow:</p><ul><li>1 Mana: When identifying a magic item, increase the bonus from +5 to +10.</li></ul>",icons/magic/perception/hand-eye-fire-blue.webp
MD8DUOG1SKTK0VAC,Stone Shot,1,n,evo,y,y,n,,n,,1,action,n,,inst,n,60,ft,1,,creature,rsak,"3d8,bludgeoning",,n,"With a quick contact with the closest surface made of, or containing stone, you give a harsh word and a sizable stone projectile fires off at a single selected target.  Make a ranged spell attack against a single target.  If this attack hits, it deals 3d8 bludgeoning damage.",icons/magic/earth/projectile-stone-ball-brown.webp
WH828JD6WRDOM2M3,Tame Beast,1,y,mes,y,y,y,a pinch of food,n,,1,action,y,1,hour,n,30,ft,1,,creature,save,,wis,n,"<p>Once per rest, you can convince one beast that you see that you mean it no harm, causing it to be @Compendium[undertaking.conditions.KJXJ0T5RPNC51N4V]{Charmed} by you for the duration.&nbsp; If its intelligence is 6 or higher, the target must make a Wisdom (Save) check to resist the effect.&nbsp;&nbsp;</p><p>The charm ends early if you harm the creature, or otherwise encourage another creature to do so.&nbsp;&nbsp;</p><p>Charge: This is a spell that can be Charged, increasing the effect of the spell at the cost of extra mana to cast the spell:</p><ul><li>2 Mana: This spell now requires Concentration.&nbsp; While the beast is charmed by you, you can give simple commands to it as a minor action that it must follow on its turn.&nbsp; If it is injured in the process of undertaking this action, the spell ends.&nbsp; These commands are available to you:</li><ul><li>""Come"": The beast will move up to 30 feet toward you.</li><li>&ldquo;Go&rdquo;: The beast will move up to 30 feet toward a target of your choosing.</li><li>""Sit"": The beast will fall @Compendium[undertaking.conditions.RK3DF56CKMQUV6DM]{Prone}.</li><li>&ldquo;Fetch&rdquo;: The beast will move toward, pick up, and return to you with an item or object it can reasonably carry.</li><li>""Sic"": Without moving, the beast will make one attack against a creature you specify if it has the means to do so.</li></ul></ul>",icons/magic/nature/wolf-paw-glow-small-orange.webp
F5AZB1SJ4LAXZNXV,Treat Wounds,1,y,nec,y,y,n,,n,,1,action,n,,inst,n,0,touch,1,,creature,heal,"1d8+@mod,healing",,n,"<p>A creature you touch regains 1d8 + your spellcasting ability modifier in hit points.  If this heals a target from @Compendium[undertaking.conditions.R54LQEKSDXNQ3N75]{Bleeding}, they also gain 1d4 temporary hit points.  This spell has no effect on undead or constructs.  <br>&nbsp;&nbsp;&nbsp;&nbsp;Charge: This spell can be Charged, modifying the spell’s effects.  Costs and effects are as follow: <ul><li>1 Mana: The healing increases by 1d8.</li><li>3 Mana: The healing increases by 2d8.</li></ul></p>",icons/magic/life/heart-cross-blue.webp
3BUFFKXCN0WVRIMP,Barrier,2,y,abj,y,n,y,a carapace,n,,1,action,n,1,minute,y,30,ft,1,,creature,util,"10,temporary hit points",,n,"<p>Tracing a circle toward a creature, you manifest a magical and translucent barrier around it that shimmers slightly in the light.&nbsp;&nbsp;</p><p>The target gains 10 temporary hit points immediately and at the start of each of its turns until the spell ends.</p><p>&nbsp;</p><p>Charge: This is a spell that can be Charged, increasing the effect of this spell.&nbsp; Costs and effect are as follow:&nbsp;</p><ul><li>2 Mana: Cast on an additional target</li><li>5 Mana: Cast on two additional targets</li></ul>",icons/magic/holy/barrier-shield-winged-blue.webp
A0XHQ6VS7PDGN9FJ,Cloak,2,y,ill,y,y,y,an eyelash encased in gum arabic,n,,1,action,n,1,hour,y,0,touch,1,,creature,util,,,n,"<p>Upon touching a creature, the target becomes @Compendium[undertaking.conditions.YE63H7VLOHW7NFHO]{Invisible} to others until the spell ends. Anything the target is wearing or carrying is invisible as well, as long as it is on the target&rsquo;s person.</p><p>If a creature affected by this spell should pick up an object and it is in their sole possession, or placed somewhere on their person, then that object becomes invisible. This lasts until the spell ends, or the object is no longer on their person or in their possession.</p><p>Should the target attack or cast a spell before the duration is up, the spell ends.</p><p>Charge: This spell can be Charged, modifying its effects for a cost:&nbsp;</p><ul><li>2 Mana: Cast on an additional target</li><li>4 Mana: Cast on two additional targets</li><li>Diamond Dust worth 100gp, 2 Mana: The spell no longer ends when the target attacks or casts a spell, but the duration is reduced to 1 minute.</li></ul>",icons/magic/control/silhouette-hold-change-blue.webp
FZ8CHP8N6M0PGLI1,Discombobulate,2,y,evo,y,n,y,a small cymbal or firecracker,n,,1,action,n,,inst,n,60,ft,1,,creature,save,"2d8,force",con,n,"<p>You bombard a creature's senses with a deafening and unexpected noise.  One target within range must make a Constitution (Save) Check.  On a failed save, the creature takes 2d8 force damage, is @Compendium[undertaking.conditions.WK17M9FZR08DRUP1]{Deafened} until the end of your next turn, and is moved back by one slot in the initiative order.  On a successful save, it takes half damage and suffers none of the other effects.<br>&nbsp;&nbsp;&nbsp;&nbsp;If you target a Surprised creature, it makes the save check with disadvantage.  This spell has no effect on creatures that are @Compendium[undertaking.conditions.WK17M9FZR08DRUP1]{Deafened} or are immune to the @Compendium[undertaking.conditions.WK17M9FZR08DRUP1]{Deafened} condition.<br><br>Charge: This is a spell that can be Charged, modifying its effects.  Costs and effects are as follow:<ul><li>2 Mana: Move the creature back an additional space in initiative.</li><li>2 Mana: The force damage is increased to 5d8.</li></ul></p>",icons/magic/sonic/bell-alarm-red-purple.webp
H12OZBL02CSFQX6L,Dragon’s Breath,2,y,evo,y,y,y,a hot pepper,n,,1,minor,n,1,minute,y,0,touch,15,ft,cone,save,"3d6,varies",dex,n,"<p>Upon touching a willing creature, you imbue them with the ability to release magical energies from their mouth as a mighty dragon would; provided they have a mouth to begin with.  <br>&nbsp;&nbsp;&nbsp;&nbsp;You choose acid, cold, fire, lightning, or poison as the damage type for the breath, and until the spell ends, all damage dealt from this spell is that type.  While the spell is active, the creature can use an action to exhale energy of the chosen type in a 15 foot cone.  Anyone caught inside it must make a Dexterity (Save) check.  If they fail, they take 3d6 points of damage from the chosen type.  On a success, they take half damage.  <br><br>The spell DC for Dragon’s Breath is the spell DC of the caster.  <br><br>Charge: This is a spell that can be Charged, increasing the damage done with this spell.  Costs and increase are as follow: <ul><li>4 Mana: Increase damage by 1d6 of chosen type</li><li>8 Mana: Increase damage by 2d6 by chosen type</li></ul></p>",icons/creatures/abilities/dragon-fire-breath-orange.webp
MFJSEGIJAH0UIH47,Identify,2,n,div,y,y,n,,n,,1,minute,y,,inst,n,5,ft,1,,object,util,,,n,"<p><em>Using magic to pull back the veil on one object or creature, you learn the magical secrets that it holds. </em></p><p>The effect of this spell changes based on the target:</p><ul><li><strong>Objects:</strong> Learn all of the following:</li><ul><li><em><em>Identify Object:</em> What the object is and its general purpose. <br />For example, you would learn that a key is designed to open a lock, not what lock it is meant to open.</em></li><li><em>Identify Magic:</em> If the object is a magic item, or if it has a spell or magical effect cast on it, and what the magic item or spell on it is called.</li><li><em>Identify Magic Origin: </em>If the object was created by a spell and which spell was used to create it.</li></ul><li><strong>Creatures:</strong> Learn all of the following:<ul><li><em>Identify Effects: </em>Which spells, conditions, and magical effects are affecting the creature, but not what they do.</li><li><em>Identify Creature Type: </em>The creature&rsquo;s type and core attributes.</li><li><em>Identify Attunement: </em>Which items on their person they are attuned to, but not what they are capable of.</li></ul></li></ul><p>Charge: This spell can be Charged, modifying its effects for a cost:</p><ul><li>A Clear Crystal worth 50gp: Additionally&hellip;</li><ul><li><em>Identify Magic Item</em>: <strong>Identify</strong> the magic item.</li><li><em>Identify Spell Effects</em>: Learn the nature of the spell(s) affecting the object.</li></ul><li>A Clear Crystal worth 100gp: Additionally&hellip;&nbsp;</li><ul><li><em>Identify Creature</em>: Learn the creature&rsquo;s true name and face, and a secret about them.</li><li><em>Identify Durability: Learn </em>the creature&rsquo;s weaknesses, resistances, and immunities.</li><li><em>Identify Spell Effects: Learn the nature of the spell(s) affecting the creature.</em></li></ul></ul>",icons/skills/trades/academics-investigation-study-blue.webp
N04H7KQXVXSTATL9,Lesser Cure,2,n,abj,y,y,n,,n,,1,action,n,,inst,n,0,touch,1,,creature,util,,,n,<p>You touch a creature and activate its latent regeneration to cure it of one of the following physical conditions:</p><ul><li>2 stacks of @Compendium[undertaking.conditions.R54LQEKSDXNQ3N75]{Bleeding}.</li><li>@Compendium[undertaking.conditions.ADW4EH0NKRDCRCA4]{Blinded}</li><li>@Compendium[undertaking.conditions.WK17M9FZR08DRUP1]{Deafened}</li><li>@Compendium[undertaking.conditions.9YPWLY1IHQV3MRLO]{Diseased}; only one if the target is afflicted by multiple diseases. Some diseases require Greater Restoration to be cured instead.</li><li>@Compendium[undertaking.conditions.FIKTMW8NEOFEAKG6]{Hobbled}</li><li>@Compendium[undertaking.conditions.OBTES08D2XC130IG]{Paralyzed}</li><li>@Compendium[undertaking.conditions.9X088PM7H5U2S1HQ]{Sickened}</li></ul>,icons/magic/life/heart-hand-gold-green.webp
IGNXR8HBQZS1JVCY,Ophidian Kiss,2,y,tra,y,y,y,the fang of a snake,n,,1,action,n,1,minute,y,0,self,1,,creature,msak,"2d6,poison",,n,"<p>Your teeth grow into vicious fangs, dripping with deadly venom. Make a melee spell attack against a creature within 5 feet. On a hit, the creature takes 2d6 poison damage and gains the @Compendium[undertaking.conditions.R54LQEKSDXNQ3N75]{Bleeding}&nbsp;condition. Hitting a creature that is already at the maximum stacks of @Compendium[undertaking.conditions.R54LQEKSDXNQ3N75]{Bleeding}&nbsp;inflicts one level of @Compendium[undertaking.conditions.ERBR3AG01H4N1L91]{Exhaustion}&nbsp;until the bleeding is cured, as long as it was not already suffering from @Compendium[undertaking.conditions.ERBR3AG01H4N1L91]{Exhaustion}&nbsp;resulting from this spell.&nbsp;</p><p>For the spell&rsquo;s duration, you can repeat the spell attack against any creature within 5 feet as an action.</p><p>Charge: This is a spell that can be Charged, modifying its effects. Costs and effects are as follow:</p><ul><li>1 Mana: Until the spell ends, you can repeat the spell attack in place of a weapon attack when a creature provokes an Attack of Opportunity from you.</li><li>2 Mana: The poison damage increases by 1d6.</li><li>3 Mana: Creatures afflicted with @Compendium[undertaking.conditions.R54LQEKSDXNQ3N75]{Bleeding}&nbsp;from this spell are also @Compendium[undertaking.conditions.9X088PM7H5U2S1HQ]{Sickened}&nbsp;until the @Compendium[undertaking.conditions.R54LQEKSDXNQ3N75]{Bleeding}&nbsp;is cured.</li></ul>",icons/creatures/reptiles/serpent-horned-green.webp
M9E56UNAIUGH9J1U,Paralyze Person,2,y,mes,y,y,y,"a small, straight piece of iron",n,,1,action,n,1,minute,y,60,ft,1,,creature,save,,wis,n,"<p>Designate one humanoid within range of your spell that you can see.  That target must make a Wisdom (Save) check and succeed, or be @Compendium[undertaking.conditions.OBTES08D2XC130IG]{Paralyzed} for the duration of this spell.  The target gets a chance to make another Wisdom (Save) check at the end of each of their turns, and on a success, they break free and the spell ends.<br><br>Charge: This is a spell that can be Charged, increasing the damage done with this spell.  Costs and increase are as follow: <ul><li>4 Mana: Cast on an additional target</li><li>8 Mana: Cast on two additional targets </li></ul><br><br>Note: Additional targets must be within 30 feet of each other when you target them.</p>",icons/magic/control/debuff-chains-shackles-movement-blue.webp
RSOH8YFIDRSE3ZCL,Repress Emotions,2,y,mes,y,y,n,,n,,1,action,n,1,minute,y,60,ft,20,ft,sphere,save,,pre,n,"<p>You emit a field of flat emotion nearby, repressing more extreme emotions in nearby creatures for a time.  Each creature in a 20ft radius sphere from your target point who wants to resist this spell must make a Presence (Save) check.  On failure, one of the following effects happen:<ul><li>The condition effects are suppressed for a @Compendium[undertaking.conditions.KJXJ0T5RPNC51N4V]{Charmed}, @Compendium[undertaking.conditions.UK95BQ45TGSD5Q3V]{Frightened}, or @Compendium[undertaking.conditions.Y822OUCDEPAG0HS8]{Frenzied} creature for up to the duration.</li><li>The condition effects are suppressed for an @Compendium[undertaking.conditions.JHOXE7HCCBCD8MSK]{Insane} creature for up to the duration.</li><li>The target creature is indifferent about a creature that it is hostile toward.  This ends if the target is attacked or harmed by a spell or if it witnesses any of its allies being harmed.  The creature becomes hostile again after the spell ends.</li><li>The target creature is indifferent about a creature that it is in love with.  This ends if the target is attacked or harmed by a spell or if it witnesses any of its allies being harmed.  The creature resumes its adoration again after the spell ends.</li></ul>  <br>&nbsp;&nbsp;&nbsp;&nbsp;Charge: By spending 2 extra Mana, the duration of the spell can be increased to 1 hour.</p>",icons/magic/control/mouth-smile-deception-purple.webp
7EL61XWDFFTIOO4S,See the Unseen,2,n,div,y,y,y,A pinch of Talc and a small sprinkling of powdered silver,n,,1,action,n,1,hour,n,0,self,,,self,util,,,n,"For the duration of this spell you have the ability to see @Compendium[undertaking.conditions.YE63H7VLOHW7NFHO]{Invisible} creatures and objects as if they were visible, and you can see into the Ethereal Plane.  Ethereal creatures and objects still seem ghostly and translucent.",icons/creatures/eyes/humanoid-single-blind.webp
U8ZOMEE7ERUQPF0D,Spur,2,y,tra,y,y,y,a sharp piece of metal,n,,1,minor,n,,inst,n,30,ft,1,,creature,util,"1,piercing per slot advanced",,n,"<p>The target moves up 1 slot in initiative and takes 1 piercing damage, plus an additional slot and damage for every 5 creatures in initiative. This cannot move a creature past the current turn in initiative.</p><p>Charge: This spell can be Charged, modifying its effects for a cost:</p><ul><li>1 Mana: You take the spell&rsquo;s damage instead of the target.</li><li>2 Mana: The casting time is now 1 Reaction.</li><li>2 Mana: Increase the damage per initiative slot to 1d6 piercing damage.</li></ul>",icons/skills/movement/feet-spurred-boots-brown.webp
DS8BAOY19DVGW5SH,Stupefy,2,n,mes,y,y,n,,n,,1,action,n,1,minute,n,60,ft,1,,creature,save,,int,n,"<p>A target creature you can see begins to see stars flitter across their vision as their thoughts loosen.&nbsp; The target must make an Intelligence (Save) check or become @Compendium[undertaking.conditions.1O2HM8TA4RSTVAVL]{Stupored} for the duration, repeating the check again at the end of each of their turns to attempt to snap out of it.&nbsp;&nbsp;</p><p>A @Compendium[undertaking.conditions.1O2HM8TA4RSTVAVL]{Stupored} creature may also repeat the save check upon receiving bludgeoning or force damage.</p>",icons/magic/control/hypnosis-mesmerism-swirl.webp
3XZ089KFBQMQUFK5,Tunnel Vision,2,n,mes,y,y,n,,n,,1,action,n,1,minute,y,60,ft,1,,creature,save,,wis,n,"<p>When you cast this spell you pick a single creature within range that you can see.  They must make a Wisdom (Save) check, and should they succeed, there is no effect.  <br>&nbsp;&nbsp;&nbsp;&nbsp;If the target fails, pick a second target.  The second target is now the only creature that the target affected by this spell can take hostile action against, for the duration of the spell.  <br>&nbsp;&nbsp;&nbsp;&nbsp;The creature affected by Tunnel Vision is compelled to attack and take aggressive action towards the second target while they are under the spell’s effects.  Should the second target die, the spell ends for the affected creature.  <br>&nbsp;&nbsp;&nbsp;&nbsp;A creature affected by this spell can repeat the (Save) check at the end of its turn if the spell persists.</p>",icons/environment/wilderness/cave-entrance-dwarven-hill.webp
UEGGABQ79I8A8CG5,Twister,2,n,evo,y,n,y,a hand fan,n,,1,action,n,1,minute,y,60,ft,,,,save,"5,bludgeoning,10,bludgeoning",str,n,"<p>You kick up a whirlwind in a space you can see, creating a controlled twister that lasts until the spell ends.  The twister is 5ft in diameter and occupies the same amount of space that a medium creature or object would, however, it is able to move through and occupy spaces regardless of whether there are objects or creatures already in those spaces.  You can move the twister up to 10ft each turn as a minor action. &nbsp; <br />Any creature that starts its turn within 5ft of the twister but not sharing its space must make a Strength (Save) check or be lifted 10ft into the air and shoved 10ft away from the twister.  If the creature is occupying the same space as the twister, they make this save check at disadvantage and are thrown 20ft straight upward upon failure instead.  Creatures that are huge or larger automatically succeed these save checks.&nbsp; <br />In addition, the winds of the twister disrupt any ranged attacks that pass within 5ft of it, imposing a -2 penalty to the attack roll.</p>",icons/magic/air/wind-tornado-funnel-gray.webp
YCQC074MGCT6R2NY,Ultimatum,2,n,mes,n,y,y,an engraved stamp or signet ring,n,,1,action,n,1,round,n,60,ft,1,,creature,save,,wis,n,"<p>You compel a creature to follow a selection of orders, temporarily limiting its agency to two choices you pose to it.  The creature must be able to hear you in order for the spell to take effect, however it need not understand the language you speak.  Describe two different courses of action which each fit into a single sentence and that the creature could reasonably accomplish on its next turn.  The creature must then succeed on a Wisdom (Save) Check or be forced to comply.  On a failed save, it must spend its entire next turn carrying out its choice of one of the two commands you outlined to the best of its ability.  It also cannot take desperate actions before the end of its next turn.<br>&nbsp;&nbsp;&nbsp;&nbsp;The courses of action you specify must each be able to translate into one of the effect categories below, and the spell fails if they both dictate the same category of effect against the same target(s).  For example, commanding a bandit to ""Backstab your boss"" and ""Fire your crossbow at the Bandit King"" would fail because both commands target the same creature with the same listed effect type.<br>&nbsp;&nbsp;&nbsp;&nbsp;You cannot dictate for a creature to harm itself directly or subject itself to a hazard that is known to it (such as a fire or a visible cliff or pit).  Once a creature completes its chosen command, or if the creature is no longer able to pursue one or both of the commands on its turn, it ends its turn and the spell ends.<br><br><ul><li>Act: The creature must take a single Improvised Action you can describe, moving within reach of relevant objects or creatures as needed. For example: ""Pull the leftmost lever.""  ""Toss me the book on that desk.""  ""Go through the door and lock it behind you.""</li><li>Attack: The creature must move within range of a creature or object you choose and make a single weapon attack against it.  For example: ""Shoot the other archer.""  ""Smash that barrel open.""  <ul><li>You may specify which of its weapons to use, including natural weapons. </li><li>The creature is not obligated to use optional abilities that would modify or replace the attack.</li></ul></li><li>Cantrip: The creature must move within range of a creature or object you choose and cast a cantrip targeting it.  The cantrip must have a casting time of 1 action or less.  For example: ""Cast Jolt on your master.""<ul><li>If the creature does not know the cantrip you name, it instead casts one it does know.  </li></ul></li><li>Move: The creature must move towards or away from a creature, object, or location you can name or describe.  For example: ""Grovel at my feet.""  ""Get down from there.""  ""Follow me.""<ul><li>You can also specify whether the creature should be standing, prone, flying, or otherwise. </li></ul></li><li>Speak: The creature must share what it knows or speak to a creature you choose. For example: ""Tell us the password.""  ""Tell your friends we mean no harm.""</li><li>Stop: The creature must stand still and do nothing on its turn.  For example: ""Stop what you’re doing.""</li></ul></p>",icons/commodities/treasure/brooch-crown-gold.webp
81P4RRS5TYCIYIDI,Verminize,2,n,tra,y,y,y,a lily pad,n,,1,action,n,1,minute,y,60,ft,1,,creature,save,,pre,n,"<p>Targeting a creature that you can see within range, you cast this spell in an attempt to transform the target into a harmless creature.  The target must make a Presence (Save) check to resist the change. <br>&nbsp;&nbsp;&nbsp;&nbsp;On failure, you decide if the target transforms into a Chicken, Golop, Pig, or Toad.  The target assumes the form and game statistics of the chosen creature, and all attributes except Intelligence are replaced by the statistics of the chosen form.  <br>&nbsp;&nbsp;&nbsp;&nbsp;The target's hit points, however, remain the same, and any damage to the target is retained after reverting back.  <br>&nbsp;&nbsp;&nbsp;&nbsp;The creature is limited in the actions that it can perform by the nature of its new form: it can’t speak, cast spells, or take any action that requires hands or speech.  The target's gear melds into the new form and they cannot activate, use, wield, or otherwise benefit from any of its equipment.  <br>&nbsp;&nbsp;&nbsp;&nbsp;At the end of each turn in this form, the target repeats the Presence (Save) check until they succeed, ending this spell.</p>",icons/creatures/amphibians/frog-water-teal.webp
XPI8O47UKUK45ZRP,Weight of the World,2,n,evo,y,y,n,,n,,1,action,n,1,minute,y,60,ft,1,,creature,save,"3d6,force",dex,n,"<p>Designating one creature within the spell&rsquo;s range that you can see, you gather the force of gravity and bring it crashing down on the target. The target must make a Dexterity (Save) check. On a failed save, the creature takes 3d6 force damage and its base speed is reduced to 0 feet. On a success, the creature only takes half damage.<br />&nbsp;&nbsp;&nbsp;&nbsp;The target gets a chance to make another Dexterity (Save) check at the end of each of their turns to break free, ending the spell on success. Should the target fail this save check, the creature takes 1d6 force damage and its speed remains at 0 feet.</p><p>Charge: This is a spell that can be Charged for an additional Mana cost to increase its effect:&nbsp;</p><ul><li>2 Mana: Cast on an additional target, and the spell&rsquo;s base damage is reduced to 2d6 force damage</li></ul>",icons/tools/fishing/weight-steel-iron.webp
368MKMZOJIFZ7TPS,Zone of Silence,2,n,ill,y,n,n,,n,,1,action,y,10,minute,y,120,ft,20,ft,sphere,util,,,n,"For the duration of the spell, no sound can be created or heard within a 20ft radius sphere centered on a point that you pick within range.  All creatures and objects entirely within the sphere are @Compendium[undertaking.conditions.WK17M9FZR08DRUP1]{Deafened}, immune to force damage, and all verbal components from creatures within range cannot be fulfilled.",icons/magic/sonic/explosion-shock-sound-wave.webp
M8BEUTF0AVY73OZG,Comforting Shouts,3,y,nec,n,y,n,,n,,1,minor,n,,inst,n,60,ft,6,,creature,heal,"1d4+@mod,healing",,n,"<p>You cry out magically laced words of encouragement to those around you. Up to six creatures of your choice that can hear you within range regain hit points equal to 1d4 + your spellcasting ability modifier.</p><p>This spell has no effect on undead or constructs.</p><p>Charge: This spell can be Charged, modifying its effects for a cost:&nbsp;</p><ul><li>2 Mana: Restores an additional 1d4 hit points.</li><li>4 Mana: Restores an additional 2d4 hit points.</li><li>8 Mana: Restores an additional 4d4 hit points.</li></ul>",icons/magic/life/heart-area-circle-red-green.webp
XD6W9NSEKZ48HGCD,Dispel Magic,3,y,abj,y,y,n,,n,,1,action,n,,inst,n,120,ft,,,,util,,,n,"<p>Select a single creature, object, or magical effect that is in range with a point of the finger.  Any spells of 3rd level or lower on the target end immediately.  For spells on the target that are 4th level and above you must roll an skill check using your spellcasting ability.  You must beat a DC equal to 10 + the spell's level.  If you succeed, the spell ends.  <br><br>Charge: This is a spell that can be Charged.  Doing so causes this spell to have the ability to dispel spells of higher levels without having to roll.  <ul><li>2 Mana: Any spell of 4th level or lower immediately ends</li><li>4 Mana: Any spell of 5th level or lower immediately ends</li><li>6 Mana: Any spell of 6th level or lower immediately ends</li><li>8 Mana: Any spell of 7th level or lower immediately ends</li><li>11 Mana: Any spell of 8th level or lower immediately ends</li><li>21 Mana: Any spell of 9th level or lower immediately ends</li></ul></p>",icons/magic/symbols/triangle-glow-purple.webp
7UWC00HNXCOL4GFI,Fireball,3,y,evo,y,y,y,a tiny cloth filled with sulfur and tar,n,,1,action,n,,inst,n,150,ft,20,ft,sphere,save,"8d6,fire",dex,n,"<p>Choose a space within range that you can see.  Each creature within a 20 foot radius sphere centered on the space you chose must make a Dexterity (Save) check.  On a failed save the creature takes 8d6 points of fire damage, or half damage on a successful save.  <br>&nbsp;&nbsp;&nbsp;&nbsp;This fire spreads around corners and ignities unattended and non-worn objects that are flammable.<br><br>Charge: This spell can be Charged to do extra damage.  <ul><li>4 Mana: 2d6 extra fire damage</li><li>8 Mana: 4d6 extra fire damage</li><li>16 Mana: 6d6 extra fire damage</li></ul></p>",icons/magic/fire/explosion-fireball-large-red-orange.webp
IJWDFSYAAI44S9JD,Frigid Barrage,3,y,evo,y,y,n,,n,,1,action,n,,inst,n,120,ft,3,,creature,rsak,"2d8,cold,1,bleeding",,n,"<p><em>Skewer your foes with a barrage of deadly icicles</em></p><p>You create three icicles and propel them at targets within range. You can direct them towards one target or several.</p><p>Make a ranged spell attack for each icicle. On a hit, the target takes 2d8 cold damage and gains the @Compendium[undertaking.conditions.R54LQEKSDXNQ3N75]{Bleeding} condition.</p><p>Charge: This spell can be Charged, modifying its effects for a cost:</p><ul><li>2 Mana: Create an additional icicle.</li><li>4 Mana: Create two additional icicles.</li></ul>",icons/magic/water/projectiles-ice-faceted-salvo-blue.webp
W7NSYVVHKA2Q2MBJ,Geyser,3,n,evo,y,y,n,,n,,1,action,n,,inst,n,90,ft,5,ft,cube,save,"4d6,bludgeoning",dex,n,"<p>Pick a single space within range that you can see.  From that space sprouts a geyser of hot water that erupts abruptly from the ground.  Any creature occupying that space must make a Dexterity (Save) check.  <br>&nbsp;&nbsp;&nbsp;&nbsp;On a failure, a creature of medium size or smaller is thrown 15 feet in a random direction, falls @Compendium[undertaking.conditions.RK3DF56CKMQUV6DM]{Prone}, and takes 4d6 bludgeoning damage.  On a success, the creature keeps their footing, takes half damage and is moved 5ft in a random direction.<br>&nbsp;&nbsp;&nbsp;&nbsp;Creatures of large size or larger that fail their save check fall @Compendium[undertaking.conditions.RK3DF56CKMQUV6DM]{Prone}.</p>",icons/magic/water/projectile-ice-impact-stone.webp
6GFN59MWTZPMBQ61,Haste,3,n,tra,y,y,n,,n,,1,action,n,1,minute,y,30,ft,1,,creature,util,,,n,"<p><em>The world slows around you as your mind and body speed up. </em></p><p>Each turn, you can take an additional action. However, if this action is used to:&nbsp;</p><ul><li>Make an attack, you can only make a single weapon attack.</li><li>Cast a spell, you can only cast an un-charged cantrip.</li></ul>",icons/magic/movement/trail-streak-zigzag-teal.webp
SQADB7CXCUN2VURZ,Instant Lodging,3,n,con,y,y,y,a pinch of ash from a fireplace,n,,1,minute,y,8,hour,n,10,ft,10,ft,cube,util,,,n,"<p>Pick a spot of unoccupied space, on stable ground, of at least 10ft by 10ft in dimensions, within range.  From that spot sprouts a 10ft cube log cabin, complete with windows, a single front door, and a smoking chimney.  <br>&nbsp;&nbsp;&nbsp;&nbsp;The interior of the cabin is furnished with seating, a half kitchen, a table, a fireplace, and bunk beds.  These furnishings can be changed and shifted upon casting, but cannot be changed after it is cast.  This cabin also has no running water.  When changing the furnishings you can have the following items:<ul><li>Up to 2 chairs for medium creatures</li><li>A 5ft by 10ft table</li><li>Up to 4 bunk beds for medium creatures</li><li>A half kitchen that takes up room equal to 5ft by 10ft, and must be set along a wall</li><li>A fireplace that takes up a 5ft by 5ft space, and must be along a wall</li></ul><br>&nbsp;&nbsp;&nbsp;&nbsp;Anything that was created by the spell inside the cabin, should it be removed from the cabin, vanishes instantly.  Anything left inside that was not part of the cabin is ejected immediately upon it disappearing.  <br>&nbsp;&nbsp;&nbsp;&nbsp;It is sized for medium creatures, and cannot fit creatures of a larger size.  The inside of the cabin is also larger than its exterior makes it look, having a floorspace of 20ft by 20ft and standing 10ft high, and allows up to 8 medium sized creatures inside.  <br>&nbsp;&nbsp;&nbsp;&nbsp;Only those that the caster designates can enter the cabin.  The temperature on the inside is comfortably dry and warm regardless of outside temperatures.  Spells cast inside the cabin cannot extend outside of it.  Spells cast outside of the cabin cannot extend inside.  That does not stop spells from dealing damage to the cabin, however.<br>&nbsp;&nbsp;&nbsp;&nbsp;This cabin has an AC of 11 and 70 hit points.  It also has vulnerability to fire, resistance to piercing, and immunity to poison and psychic.  <br>&nbsp;&nbsp;&nbsp;&nbsp;Should the cabin be reduced to 0 hit points, or be dispelled, it immediately disappears and throws the occupants outwards 10 feet in a random direction, and each creature thrown this way takes 1d4 bludgeoning damage.  <br>&nbsp;&nbsp;&nbsp;&nbsp;Should the spell end naturally and there are still creatures inside, they are shunted out into an unoccupied space next to where the cabin stood, unharmed.</p>",icons/environment/settlement/house-woods.webp
7V6U65DLY9Z8LYA2,Revivify,3,n,nec,y,y,n,,n,,1,action,n,,inst,n,0,touch,1,,creature,heal,"1,healing",,n,"<p>A spell that raises the downed, its effect changes based on its target:</p><ul><li>Touching a creature at 0 hit points, they regain half of their maximum hit points and gain 2 levels of @Compendium[undertaking.conditions.ERBR3AG01H4N1L91]{Exhaustion}. <br />For the next 1 minute afterward, the target is @Compendium[undertaking.conditions.KJXJ0T5RPNC51N4V]{Charmed} by you.</li><li>Touching a corpse no older than 1 month old, the corpse awakens for the next 1 minute. The awakened corpse is immobile, unaware of its surroundings, and emits the voice of its previous occupant. The voice shares their knowledge and personality as well. It feels compelled to trust you and must answer your questions. However, if it has a particular distrust or hatred toward you, especially in life, it may choose to lie. <br />Revivify cannot be cast on the same corpse for a week afterward.</li></ul><p>Charge: This spell can be Charged, modifying its effects for a cost:&nbsp;</p><ul><li>A Diamond worth 300gp: If the target creature has died within the last minute, they are returned to life with 1 hit point. <br />This spell fails if the creature has died of old age, and it does not restore any missing body parts.</li></ul>",icons/skills/wounds/anatomy-organ-heart-red.webp
VROEDKWBUZ57MFV7,Rolling Thunder,3,n,evo,y,y,n,,n,,1,action,n,,inst,n,0,self,30,ft,cone,save,"4d6,force",con,n,"<p>You let out a loud cry that is magically amplified and ripples out in front of you.  A cone of piercing noise reaches out in a 30 foot cone in the direction that you are facing, using you as the origin point.  Any creature caught in it must make a Constitution (Save) check.  <br>&nbsp;&nbsp;&nbsp;&nbsp;On a failed (Save) check, they take 4d6 force damage and are @Compendium[undertaking.conditions.WK17M9FZR08DRUP1]{Deafened} for the next round.  On a successful save, they take half damage.</p>",icons/magic/air/air-pressure-shield-blue.webp
Z373UKDNQ9VFAMQD,Syzygy,3,y,evo,y,n,y,"Two medallions, shaped like a sun and moon",n,,1,action,n,,inst,n,0,self,80,ft,line,rsak,"5d6,radiant",,n,"<p>You draw upon the awe of great celestial alignments of the past and the mathematical inevitability of their future recurrence.  Waiting for the perfect moment when, from your vantage point, all of your targets have fallen into a line, you bring your medallions into alignment in front of your forehead and speak an invocation.  A brilliant bolt of light shoots from the medallions and travels along an 80-foot line originating from you.  <br>&nbsp;&nbsp;&nbsp;&nbsp;Make a ranged spell attack against each creature in the line, starting with the one closest from you and moving further away.  On a hit, the creature takes 5d6 radiant damage and all subsequent damage rolls made during this spell deal an additional 1d6 damage, stacking up to a maximum of 9d6 total.  On a miss, all subsequent attacks made during this spell gain an additional +1 to hit, stacking up to a maximum of +3.<br><br>Charge: This is a spell that can be Charged, modifying its effects.  Costs and effects are as follow:<ul><li>1 Mana: Before making any of the attacks, deal half of the spell’s initial on-hit damage to yourself and then gain both an additional 1d6 to damage and +1 to hit for the spell’s subsequent attacks.</li><li>2 Mana: Increase the length of the line to 120 feet.</li></ul></p>",icons/magic/nature/moon-crescent.webp
TA1E58P8XATOBEQH,Virulent Outbreak,3,n,nec,y,y,n,,n,,1,action,n,,inst,n,0,self,30,ft,cone,save,"6d4,poison",con,n,"<p>A cloud of dangerous pathogens erupts in a 30-foot cone originating from you and clings to the creatures inside of it.  Choose one of the following @Compendium[undertaking.conditions.9YPWLY1IHQV3MRLO]{Diseases}:<ul><li>Kobold Flu: An infected creature has a -2 penalty to attack rolls and skill checks.</li><li>Lovers’ Pox: An infected creature suffers 2d4 poison damage when it starts its turn within 5 feet of any other creatures.</li><li>Mana Fever: An infected creature must spend 1 extra mana to cast spells and charged versions of cantrips.</li></ul>Each creature in the cone must make a Constitution (Save) check.  On a failed save, a creature takes 6d4 poison damage and becomes temporarily infected with the chosen @Compendium[undertaking.conditions.9YPWLY1IHQV3MRLO]{Disease}.  On a successful save, it takes half damage and is not infected.  An infected creature can repeat the save check at the end of each of its turns, ending the disease on a success.<br>&nbsp;&nbsp;&nbsp;&nbsp;If the creature fails its Constitution (Save) check 5 times, they stop making the save, and the @Compendium[undertaking.conditions.9YPWLY1IHQV3MRLO]{Disease} remains indefinitely.</p>",icons/skills/wounds/blood-cells-disease-green.webp
XJ75LFYCND9DK4GP,Banish,4,y,abj,y,y,y,an item that the target dislikes,n,,1,action,n,1,minute,y,60,ft,1,,creature,save,,pre,n,"<p>Holding forth the components to ward the creature off, you attempt to send one creature that you can see within range to another plane of existence. The target must succeed on a Presence (Save) check or be banished, remaining in its new plane of existence until the spell ends.</p><p>If the target is not native to this plane of existence, it returns to its home plane. If the spell does not end before 1 minute, the spell does not reverse when it ends, leaving the creature in its home plane.</p><p>If the target is native to the plane that it is currently in, it is instead banished to a harmless pocket plane. While there, the target is @Compendium[undertaking.conditions.3CQC3JEY2C3Y721F]{Incapacitated}, and remains there until the spell ends.</p><p>When the spell ends, the creature reappears in the space it left or in the nearest unoccupied space if that space is occupied.</p><p>Charge: This spell can be Charged, modifying its effects for a cost:&nbsp;</p><ul><li>1 Mana: The banished creature restores 5d6 hit points on their first turn, and one die fewer per turn after that, with a minimum of 0.</li><li>2 Mana: 1 extra creature.</li><li>4 Mana: 2 extra creatures.</li></ul>",icons/magic/control/energy-stream-link-large-white.webp
Y2H7NNZFXCHUMB33,Divinate,4,n,div,y,y,y,,n,,1,minute,y,,inst,n,0,self,,,self,util,,,n,"<p>By placing an offering and praying for a response, you become placed in contact with a deity or a deity&rsquo;s servant. You ask a single question about a specific goal, event, or activity to occur within 7 days. The GM will roll a hidden 1d4, and if the result is 3 or higher, then they offer a truthful reply. The reply might be a short phrase, a cryptic rhyme, or an omen. However, the spell doesn&rsquo;t take into account any possible circumstances that might change the outcome, such as casting of additional spells or the loss or gain of a companion.</p><p>Each subsequent casting of this spell before your next long rest adds a -1 to the GM&rsquo;s roll, decreasing your chances of a desired result.</p><p>Charge: This spell can be Charged, modifying its effects for a cost:&nbsp;</p><ul><li>Fitting Offerings worth 15gp: Add +2 to the GM&rsquo;s roll.</li><li>Fitting Offerings worth 100gp: Add +4 to the GM&rsquo;s roll.</li></ul>",icons/magic/perception/third-eye-blue-red.webp
0HC21F4SVUGZPWIR,Encapsulate,4,n,evo,y,y,y,a palm sized glass bubble,n,,1,action,n,1,minute,y,30,ft,1,,creature,util,,dex,n,"<p>An iridescent sphere of magical force surrounds the creature or object that you choose of up to Large size or smaller, within range, that you can see.  An unwilling creature may attempt a Dexterity (Save) check to avoid being enclosed.  On a failure, the creature is encapsulated for the duration.<br>&nbsp;&nbsp;&nbsp;&nbsp;Nothing at all, physical objects or attacks, energy, or other spell effects, can pass through this barrier.  In or out.  The creature inside can still breath, however.  This sphere is completely immune to all damage, and as such the creature or object inside can’t be damaged by attacks or effects originating from outside the bubble.  With that in mind, the creature inside can’t damage anything outside of the sphere either.<br>&nbsp;&nbsp;&nbsp;&nbsp;The magical sphere is weightless and forms just large enough to fit the object or creature inside it.  A creature inside the sphere can spend an action to move itself and the bubble up to half its move speed.  As well, the sphere can be picked up and moved.</p>",icons/magic/defensive/barrier-shield-dome-blue-purple.webp
7H0M1UB9Z1ZVHSJ0,Remove Arms,4,n,abj,y,y,y,a patch of cloth,n,,1,action,n,1,minute,y,60,ft,1,,object,save,,pre,n,"As an action, you target one weapon that a creature within 60ft of you is holding.  That creature must make a Presence (Save) check against your Spell Save DC.  On failure, the target’s weapon disappears into a pocket plane for the next 1 minute, reappearing at the target’s side at the end of this duration.  If the weapon is magical, the creature makes the (Save) check at advantage.",icons/skills/melee/sword-damaged-broken-glow-red.webp
YL8USCAX1ZTDKOA1,Shapeshift,4,n,tra,y,y,y,a chrysalis,n,,1,action,n,1,hour,y,60,ft,1,,creature,save,,wis,n,"<p>Targeting a creature that you can see, that is within range, you cast this spell in an attempt to transform the target.  An unwilling target may make a Wisdom (Save) check to resist the change.  <br>&nbsp;&nbsp;&nbsp;&nbsp;This transformation lasts for the duration of the spell, or until the target drops to 0 or dies.  The new form assumed by the target can be any beast whose Challenge Rating is equal or lower than the target’s (though for those that don’t have Challenge Ratings, use level).  The target’s game statistics, including all attributes except Intelligence, are replaced by the statistics of the chosen beast.  However, the target does keep its alignment and personality.  <br>&nbsp;&nbsp;&nbsp;&nbsp;The target assumes the hit points of this new form.  When it reverts to its original form, the creature returns to the number of hit points it had before it was transformed.  If it reverts as a result of dropping to 0 hit points, however, any excess damage carries over to its original form.  As long as the excess damage doesn’t reduce the creature’s normal form to or below 0 hit points, it is not knocked unconscious.  <br>&nbsp;&nbsp;&nbsp;&nbsp;The creature is limited in the actions that it can perform by the nature of its new form: it can’t speak, cast spells, or take any action that requires hands or speech.The target’s gear melds into the new form and it cannot activate, use, wield, or otherwise benefit from any of its equipment.</p>",icons/creatures/mammals/wolf-howl-moon-forest-blue.webp
2C1AA6FEY5D1JHV5,Trapdoor Sinkhole,4,n,con,y,y,y,a miniature shovel,n,,1,action,n,1,minute,y,100,ft,5,ft,cube,save,"30,bludgeoning",dex,n,"<p>With a wave of your hand you create a hole with perfectly flat walls leaving only a thin cover over top.  When stepped on the thin cover breaks and swallows up anyone stepping onto it.<br>&nbsp;&nbsp;&nbsp;&nbsp;Upon casting, choose a spot to create the sinkhole; the dimensions are 5-foot-by-5-foot, and 30 feet deep.  The spot chosen must be big enough to fully contain the sinkhole.  Spotting the sinkhole to recognize it is there is a DC 20 Wisdom (Perception) check.  <br>&nbsp;&nbsp;&nbsp;&nbsp;If a creature travels across the space containing the sinkhole, or ends their turn on it, they must immediately make a Dexterity (Save) check.  If the target fails, they fall into the sinkhole and take double falling damage for the distance fallen.  Should the hole not be big enough to contain the creature walking over it, and they fail their save, instead their movement is immediately stopped for that turn and they must make a Strength (Athletics) check to move out of that space.<br>&nbsp;&nbsp;&nbsp;&nbsp;The top of the sinkhole is a magical illusion and stays in place even after a creature has fallen inside it, meaning that other creatures still must make the Wisdom (Perception) check to know the sinkhole’s exact location.  Additionally, a creature cannot see into the hole from outside of it, even if it knows where it is.  However, a creature inside the hole can see out of it.<br>&nbsp;&nbsp;&nbsp;&nbsp;At the end of the spells duration, or if it is ended abruptly, the sinkhole closes and forcefully ejects anything and anyone in it and throws it 5 feet in a random direction.</p>",icons/environment/traps/steel.webp
H2RO4K8JLYTVNEXB,Winter’s Piercing Ray,4,n,evo,y,y,y,a cup of water,n,,1,action,n,,inst,n,0,self,100,ft,line,save,"6d6,cold",con,n,"<p>Summoning forth the chill of winter, a line 100 feet long and 5 feet wide of frozen energy blasts forth from you in a direction you choose.  A creature caught in the line must make a Constitution (Save) check.  On a failed save, a creature takes 6d6 cold damage and has its speed reduced to 0 until the start of your next turn.  The damage is halved on a successful save, and their speed isn’t affected.<br>&nbsp;&nbsp;&nbsp;&nbsp;Any space this line passes over is covered in snow and considered difficult terrain for the next 1 minute after casting.</p>",icons/magic/water/barrier-ice-wall-snow.webp
N2ZSVB7D1W068EWZ,Ashame,5,n,abj,y,y,y,a holy symbol,n,,1,action,n,1,minute,y,60,ft,40,ft,sphere,save,"2d10,radiant,2d10,additional radiant",pre,n,"<p>At a location within range, you create the shining, powerful, and intimidating image of your deity.  Each creature within 40ft of this point that can see the image must make a Presence (Save) check.  On failure, the creature takes 2d10 radiant damage.  <br>&nbsp;&nbsp;&nbsp;&nbsp;If the creature has stolen something, injured another creature, or had rolled a Presence (Deception) or Presence (Intimidation) check within the last 24 hours, the creature also takes an additional 2d10 radiant damage and becomes @Compendium[undertaking.conditions.UK95BQ45TGSD5Q3V]{Frightened} for the duration.  <br>&nbsp;&nbsp;&nbsp;&nbsp;On success in either situation, the creature takes half damage and is not frightened. </p>",icons/environment/settlement/temple-night.webp
QPM2ECCAG51FC9FW,Greater Cure,5,n,abj,y,y,n,,n,,1,action,n,,inst,n,0,touch,1,,creature,util,,,n,"<p>You imbue a creature with immense positive energy, reversing debilitating effects that most other spells cannot cure. This spell does one of the following effects to the target:</p><ul><li>All stacks of @Compendium[undertaking.conditions.R54LQEKSDXNQ3N75]{Bleeding}.</li><li>Remove an effect reducing the target&rsquo;s hit point or attribute maximum.</li><li>@Compendium[undertaking.conditions.HFC5771FPBA3Z870]{Stableize} and remove all of their failed Death Throws.</li><li>Cure <strong>Short-Term Insanity</strong>.</li><li>Reduce @Compendium[undertaking.conditions.ERBR3AG01H4N1L91]{Exhaustion} by 1 level. This spell cannot be cast again until your next long rest.</li><li>You cast @Compendium[undertaking.spells-level-2.N04H7KQXVXSTATL9]{Lesser Cure} on the target.</li></ul><p>Charge: This spell can be Charged, modifying its effects for a cost:&nbsp;</p><ul><li>Diamond Dust worth 100gp: Greater Cure has the additional following effects to choose from:</li><ul><li>Remove one <strong>curse</strong>.</li><li>Unattune one magic item, even cursed items.</li><li>Reduce @Compendium[undertaking.conditions.ERBR3AG01H4N1L91]{Exhaustion} by 1 level.</li><li>Remove @Compendium[undertaking.conditions.AKLQGCY7ULVB4B64]{Petrified}.</li><li>Remove @Compendium[undertaking.conditions.SRRBLPRSJWGUR551]{Poisoned}.</li><li>Trade <strong>Indefinite Insanity</strong> for <strong>Long-Term Insanity</strong> with the same symptoms.</li><li>Trade <strong>Long-Term Insanity</strong> for <strong>Short-Term Insanity</strong> with the same symptoms.</li></ul></ul>",icons/magic/life/heart-hand-gold-green-light.webp
RS1WH90WHNO7H1AR,Kinetic Burst,5,n,evo,y,y,n,,n,,1,action,n,,inst,n,0,self,20,ft,cube,save,"8d6,force",str,n,"<p>With a single motion you fling an enormous amount of mental power outwards in an attempt to throw others backward.  Each creature within a 20 foot cube, originating from you, must make a Strength (Save) check.  On a failed throw, the creature is hurled 30 feet away from you, is knocked prone, and takes 8d6 force damage.  A successful (Save) check causes a creature to take half as much damage, they are not knocked @Compendium[undertaking.conditions.RK3DF56CKMQUV6DM]{Prone}, and they are only moved 5 feet.  <br>&nbsp;&nbsp;&nbsp;&nbsp;In addition, any unsecured objects within range of the area of effect are automatically thrown 30 feet away. </p>",icons/magic/sonic/projectile-sound-rings-wave.webp
84PCT6JT8D1G6SN4,Mind Shackle,5,y,mes,y,y,n,,n,,1,action,n,1,minute,y,60,ft,1,,creature,save,,wis,n,"<p>With a wave of your hands you attempt to force a humanoid that you can see within range to submit to your authority.  The humanoid must make a Wisdom (Save) check, and on a failure it is @Compendium[undertaking.conditions.KJXJ0T5RPNC51N4V]{Charmed} by you for the duration.  Should you, or the creatures that are friendly to you, be fighting the target, it gets advantage on the (Save) check.  <br>&nbsp;&nbsp;&nbsp;&nbsp;While the target is @Compendium[undertaking.conditions.KJXJ0T5RPNC51N4V]{Charmed}, you have a telepathic link with it as long as the two of you are on the same plane of existence.  You can use this telepathic link to issue commands and orders to the creature while you are conscious (no action required).  The target will do its best to obey these orders.  You can give simplistic or general course of action this way, such as ‘attack that person/creature’, ‘go into that corner’, or ‘grab that object’.  If the creature completes an order and it doesn’t receive any further directions from you, it will defend and preserve its own life to the best of its ability, but nothing further.  <br>&nbsp;&nbsp;&nbsp;&nbsp;If you would like to give a more complex and precise order, you can take an action to exert more directed control over the target.  Until the end of your next turn, the creature takes only the actions you choose, and doesn’t do anything that you don’t allow it to do.  During that time you can also have the @Compendium[undertaking.conditions.KJXJ0T5RPNC51N4V]{Charmed} creature use its reaction, at the cost of your own reaction.  <br>&nbsp;&nbsp;&nbsp;&nbsp;Each time the target takes damage, it makes a new Wisdom (Save) check against the spell.  Should it pass the save, then the effects of the spell end.  <br><br>Charge: This spell can be Charged to have a longer duration <ul><li>2 mana: Concentration can be held for 1 hour</li><li>4 mana: Concentration can be held for 8 hours</li></ul></p>",icons/magic/control/control-influence-puppet.webp
XMHUH8GHDDFKWRSS,Noxious Wave,5,n,nec,n,y,n,,n,,1,action,n,1,minute,y,0,self,30,ft,sphere,save,"3d6,poison",con,n,"<p>A cloud infused with the powers of death bursts out from you and causes those who breathe it to begin to rot from the inside.  <br>&nbsp;&nbsp;&nbsp;&nbsp;A cloud of gas spreads out in a 30 foot radius around you.  Each creature that you choose, that is hit by the cloud, must make a Constitution (Save) check.  On a failed (Save) check, a creature takes 3d6 poison damage, as well as 3d6 necrotic damage, and is @Compendium[undertaking.conditions.9X088PM7H5U2S1HQ]{Sickened}.  On a success the creature takes half damage and is not @Compendium[undertaking.conditions.9X088PM7H5U2S1HQ]{Sickened}.  <br>&nbsp;&nbsp;&nbsp;&nbsp;The gas cloud stays active up to 1 minute if the caster concentrates to keep it going, but stays stationary.  Creatures that pass through the cloud, or end their turn within it, must make a Constitution (Save) check.  On a success, nothing happens and they pass through it without harm.  On a failure, creatures suffer 2d6 poison damage and 1d6 necrotic damage.  Additionally, should a creature that was @Compendium[undertaking.conditions.9X088PM7H5U2S1HQ]{Sickened} fail a Constitution (Save) check against this effect, they become @Compendium[undertaking.conditions.SRRBLPRSJWGUR551]{Poisoned}.</p>",icons/magic/acid/dissolve-pool-bubbles.webp
LAT1CHJ5SCDL566O,Reincarnate,5,n,tra,y,y,n,,n,,1,hour,n,,inst,n,0,touch,1,,creature,util,,,n,"<p>Touching an intact corpse no older than a week, you can take a wandering soul and bring the body back to life, retaining all of its attributes and racial traits, but with this mismatched soul as its owner. The soul generally remembers its previous life and skills, but has missing spots in its memory, and retains some memories of their new body&rsquo;s previous life and skills. If its overall level or challenge rating was higher than your level, they are lowered to no higher than the player&rsquo;s level.</p><p>The sudden change of form and mental attributes, especially for the less sapient, can be either a supremely horrifying or aggrandizing experience. In either case, an extreme reaction is common. However, the creature is also magically @Compendium[undertaking.conditions.KJXJ0T5RPNC51N4V]{Charmed} by you for the next 24 hours, and is likely to do what is asked of them once calmed down.</p><p>The GM determines what kind of soul now inhabits the body. However, the following roll tables may assist them.</p><p><em>Past Life</em></p><table><tbody><tr><td><p><strong>1d100</strong></p></td><td><p><strong>Past Life</strong></p></td></tr><tr><td><p>1</p></td><td><p>A deeply malevolent being</p></td></tr><tr><td><p>2-5</p></td><td><p>Demon, Devil, or other Fiend</p></td></tr><tr><td><p>6-20</p></td><td><p>Insect, Worm, or Mollusk</p></td></tr><tr><td><p>21-22</p></td><td><p>Aberration</p></td></tr><tr><td><p>23-25</p></td><td><p>Fey</p></td></tr><tr><td><p>26-30</p></td><td><p>Sentient Plant</p></td></tr><tr><td><p>26-40</p></td><td><p>Fish or Amphibian</p></td></tr><tr><td><p>41-45</p></td><td><p>Elemental</p></td></tr><tr><td><p>46-60</p></td><td><p>Reptile or Avian</p></td></tr><tr><td><p>61-75</p></td><td><p>Beast</p></td></tr><tr><td><p>76-90</p></td><td><p>A Sapient Race; roll on <em>Random Race</em> chart below.</p></td></tr><tr><td><p>91-95</p></td><td><p>Dragon</p></td></tr><tr><td><p>96-99</p></td><td><p>Celestial</p></td></tr><tr><td><p>100</p></td><td><p>A being of your choice that&rsquo;s been dead no longer than 10 days.</p></td></tr></tbody></table><p><em>Reincarnation Quirk</em></p><table><tbody><tr><td><p><strong>1d20</strong></p></td><td><p><strong>Reincarnation Quirk</strong></p></td></tr><tr><td><p>1</p></td><td><p>Two souls sharing a body; roll on the Past Life table and Reincarnation Quirk tables again.</p></td></tr><tr><td><p>2</p></td><td><p>Greater Insanity: 2 types of Permanent Insanity</p></td></tr><tr><td><p>3</p></td><td><p>Insanity: 1 type of Permanent Insanity</p></td></tr><tr><td><p>4-8</p></td><td><p>Partial Incompatibility: Permanent -3 to a random attribute</p></td></tr><tr><td><p>9-10</p></td><td><p>Mental Blender: Their identity is partially blended with that of the previous body&rsquo;s owner.</p></td></tr><tr><td><p>11-16</p></td><td><p>Total Amnesia: Memories of their past life sometimes come to them in dreams or as a reaction to sudden memories.</p></td></tr><tr><td><p>17-19</p></td><td><p>No side effects.</p></td></tr><tr><td><p>20</p></td><td><p>Total Compatibility: Permanent +2 to all attributes as the body fits the soul even better than their last.</p></td></tr></tbody></table><p>Charge: This spell can be Charged, modifying its effects for a cost:&nbsp;</p><ul><li>Various minerals, metals, and water worth 1,000gp: Trigger the <strong>True Reincarnate</strong> effect below.</li></ul><p><strong>True Reincarnate</strong></p><p>Touching a piece of a dead creature, you attempt to find the creature&rsquo;s soul to bring back to life in a new body.</p><p>Provided that the creature has been dead for no longer than 10 days, the spell forms a new adult body from the material components and calls for the soul to enter that body. If the target&rsquo;s soul is free and willing to do so, the soul can enter into the body and take control of it, otherwise the spell fails and the body instantly decays, but the material component is returned.</p><p>The body is fashioned from this spell by calling upon a deity, nature, spirits, or the world itself to help meld the body, and as such is unstable until the soul enters it, meaning that the body&rsquo;s final form is out of your control, causing the creature&rsquo;s final form to be seemingly random. The GM may choose a form that best suits the will of the force which you called upon when casting the spell, or may roll for the result on the <em>Random Race</em> table. If so, the GM counts how many core races are available in this campaign and lines them up in alphabetical order on the following table, and then adds one more result. The GM then rolls on the table twice with the smallest die that can fit all the player races + 1, and rerolls if the result is empty.</p><p><em>Random Race</em></p><table><tbody><tr><td><p><strong>1d??</strong></p></td><td><p><strong>Race</strong></p></td></tr><tr><td><p>1</p></td><td><p><em>*Race 1*</em></p></td></tr><tr><td><p>2</p></td><td><p><em>*Race 2*</em></p></td></tr><tr><td><p>3</p></td><td><p><em>*Race 3*</em></p></td></tr><tr><td><p>...</p></td><td><p>...</p></td></tr><tr><td><p>Max Roll</p></td><td><p>Re-roll twice more on this table, taking excess results to be extra branch races applied to the new body</p></td></tr></tbody></table><p>The first roll determines the body&rsquo;s core race. The second roll determines the body&rsquo;s branch race; make an alphabetical table of all of that race&rsquo;s branches and roll to determine which branch race the new body has. Due to the chaotic nature of the spell, racial compatibility is irrelevant.</p><p>The reincarnated creature recalls its former life and experiences, retains its capabilities it had in its original form, but exchanges its original racial traits. If the creature was not originally a sapient race, additionally roll once on the <em>Reincarnation Quirk</em> table.</p><p>Finally, roll on the following table 3 times, reducing the rolled attribute by 1 each time. Then repeat the roll to increase those attributes by 1 each time.</p><p><em>Random Attribute</em></p><table><tbody><tr><td><p><strong>1d6</strong></p></td><td><p><strong>Attribute</strong></p></td></tr><tr><td><p>1</p></td><td><p><em>Strength</em></p></td></tr><tr><td><p>2</p></td><td><p><em>Dexterity</em></p></td></tr><tr><td><p>3</p></td><td><p><em>Constitution</em></p></td></tr><tr><td><p>4</p></td><td><p>Intelligence</p></td></tr><tr><td><p>5</p></td><td><p>Wisdom</p></td></tr><tr><td><p>6</p></td><td><p>Presence</p></td></tr></tbody></table><p>&nbsp;</p>",icons/magic/holy/angel-winged-humanoid-blue.webp
LE5BM8DCSZCPUGMV,Telekinetic Might,5,n,evo,y,y,n,,n,,1,action,n,10,minute,y,30,ft,1,,object,util,,,n,"<p>You force your will upon your surroundings and can manipulate the physical world with your mental power.  When you cast this spell, and as an action each round for the duration, you can exert your will on one creature or object that you can see within range, causing the effects described below for the appropriate target.  You can affect the same target round after round, or choose a new one at any time during the duration.  If you switch targets, the prior target is no longer affected by the spell.  <br>&nbsp;&nbsp;&nbsp;&nbsp;Creature: Using this spell you can try to move up to a Huge or smaller creature.  To do so, make a skill check with your spellcasting ability contested by the creature’s Strength check.  If you win the contest, you can move the creature up to 30 feet in any direction, including upwards, though you cannot move them further away from yourself than the range of the spell would allow.  Until the end of your next turn, the creature is restrained in your telekinetic grip.  If you lift the creature upwards, it is also suspended in mid-air.  <br>&nbsp;&nbsp;&nbsp;&nbsp;On subsequent rounds, you can use your action to attempt to maintain your telekinetic grip by repeating the contest described above.  <br>&nbsp;&nbsp;&nbsp;&nbsp;Object: You can also attempt to move an object up to 1000 pounds.  If the object is unattended (not being worn or carried) then you automatically move it up to 30 feet in any direction, but not beyond the reach of the spell.  <br>&nbsp;&nbsp;&nbsp;&nbsp;If the object is on someone’s person, or being carried or held, you must make a skill check using your spellcasting ability against the creature’s Strength check.  If you succeed, you can move the object up to 30 feet in any direction so long as it does not go beyond the range of the spell.  <br>&nbsp;&nbsp;&nbsp;&nbsp;As well, you have fine control over objects in your telekinetic grip.  Meaning you can do things such as manipulating a simple tool, opening a door, stowing or retrieving an item, or pouring out the contents of a vial.</p>",icons/magic/control/buff-strength-muscle-damage-red.webp
J9QLMOBH6NXLN5OQ,Telepathic Network,5,n,div,y,y,y,a piece of thread with eight knots tied in it,n,,1,action,n,1,hour,n,30,ft,8,,creature,util,,,n,"<p>You build a telepathic link among up to eight willing creatures of your choice within range that you can see, forging a psychic bond between each creature to all the others for the duration.  Creatures with an Intelligence score of 2 or less are not affected by this spell.<br>&nbsp;&nbsp;&nbsp;&nbsp;The targets can communicate telepathically through the forged link whether they share a common language or not, for as long as the spell lasts.  This communication is possible over any distance, however, it does not stretch across planes.</p>",icons/skills/wounds/anatomy-organ-brain-pink-red.webp
IGNKJCNA0BXYD1OT,Unnatural Recovery,5,n,nec,y,n,y,1 vial of juice,n,,1,action,n,1,minute,y,0,touch,1,,creature,heal,"1d4,healing",,n,"<p>Pulsing magic through your systems, your natural healing abilities kick in faster and more notably than expected.  The target may immediately spend 1 hit die to restore their hit points.  At the start of each of their subsequent turns for the duration, they restore an additional 1d4 hit points.  <br>&nbsp;&nbsp;&nbsp;&nbsp;If the spell lasts its full duration, the target can regain the hit die it spent as part of this spell.</p>",icons/skills/wounds/blood-cells-vessel-blue.webp
NOK5D400Y0BRTL1N,Concussive Force,6,n,evo,y,y,y,a small jade bead,n,,1,action,n,,inst,n,120,ft,20,ft,sphere,save,"10d6,force",str,n,"A ball of condensed air appears in your hand as you reel back your arm and throw it at a point within range that you can see.  Every creature within a 20 foot radius sphere originating from that point must make a Strength (Save) check.  On failure, they take 10d6 force damage, and are knocked @Compendium[undertaking.conditions.RK3DF56CKMQUV6DM]{Prone}.  On success, they take half as much damage and are not knocked @Compendium[undertaking.conditions.RK3DF56CKMQUV6DM]{Prone}.",icons/magic/air/wind-vortex-swirl-blue-purple.webp
5QKNDIU0N7AOHVQT,Grave Ring,6,n,nec,y,y,n,,n,,1,action,n,,inst,n,150,ft,60,ft,sphere,save,"8d6,necrotic",con,n,"<p>A ring of black flames appears and spins out into a 60 foot radius sphere from a point of your choosing that is within range that you can see. All creatures caught in the area must make a Constitution (Save) check. On a failed save the target takes 8d6 necrotic damage, or half as much on a successful save.</p><p>Charge: This spell can be Charged, modifying its effects for a cost:&nbsp;</p><ul><li>Crushed black gemstone worth 500gp: Deal +4d6 necrotic damage.</li></ul>",icons/magic/unholy/barrier-fire-pink.webp
3I736YDSAFN1B3E3,Hundred Spear Assault,6,n,evo,y,y,y,miniature spear totem,n,,1,action,n,,inst,n,0,self,100,ft,line,save,"7d6,piercing,4d6,force",dex,n,"At your call, a hundred ghostly spears are volleyed forward and fall in a line that is 100 feet long and 10 feet wide in a direction that you choose.  Creatures caught in the line must make a Dexterity (Save) check.  On failure, they take 7d6 piercing damage and 4d6 force damage, and have their speed reduced to 0 feet until the end of their next turn as the piercing spears hold targets in place.  On success, they take half damage and do not have their speed reduced.",icons/skills/melee/spear-tips-quintuple-orange.webp
J3C64S01EREH1FZZ,Null Field,6,y,abj,y,y,y,an engraved crystal bead that shatters when the spell ends,y,,1,action,n,1,minute,y,0,self,10,ft,sphere,util,,,n,"<p>A shimmering field appears as an immobile barrier that forms in a 10 foot radius centered around you and remains for the duration.<br>&nbsp;&nbsp;&nbsp;&nbsp;Any spell that is of 5th level or lower cast from outside the barrier has no effect on creatures and objects within it, even if the spell is Charged to have a more powerful effect.  Such spells can target creatures and objects within the barrier, but the spell will have no effect on them.  As well, the area within the barrier is excluded from the areas of affect from spells of these levels.<br><br>Charge: This spell can be Charged to provide better protection:<ul><li>2 Mana: Spells of up to 6th level cannot penetrate the barrier.</li></ul></p>",icons/magic/defensive/barrier-shield-dome-pink.webp
5RC7X7J6H9UK5K29,Restore,6,y,evo,y,y,n,,n,,1,action,n,,inst,n,60,ft,1,,creature,heal,"70,healing",,n,"<p>A creature that you can see within range is overwhelmed by restorative energy.  This creature regains 70 hit points, and is cured of @Compendium[undertaking.conditions.ADW4EH0NKRDCRCA4]{Blindness}, @Compendium[undertaking.conditions.WK17M9FZR08DRUP1]{Deafness}, and any @Compendium[undertaking.conditions.9YPWLY1IHQV3MRLO]{Disease} affecting it.  This spell has no effect on constructs or undead.  <br><br>Charge: This spell can be charged to provide better protection:<ul><li>2 Mana: The creature recovers 10 more hit points.</li></ul></p>",icons/magic/life/heart-cross-strong-flame-green.webp
GAC3VH4EZJOKZ8U0,Ruin,6,n,nec,y,y,n,,n,,1,action,n,,inst,n,60,ft,1,,creature,save,"14d6,necrotic",con,n,"<p>You magically unleash a vicious disease on the immune system of a creature that you can see within range.  The target must make a Constitution (Save) check.  On failure, it takes 14d6 necrotic damage and contracts Ruin Disease.  On success, the target takes half damage and is not @Compendium[undertaking.conditions.9YPWLY1IHQV3MRLO]{Diseased}.  The damage cannot reduce the target’s hit points below 1.  <br><br><i>Ruin Disease:</i> The target’s hit point maximum is reduced by the same amount as the damage dealt when contracted to a minimum of 1 hit point, and remains this way until cured or until 1 hour passes.</p>",icons/magic/death/hand-withered-gray.webp
8HOLU9HRLA5TTMWE,Sonic Shatter Spike,6,n,evo,y,y,n,,n,,1,action,n,,inst,n,60,ft,10,ft,sphere,rsak,"6d10,piercing,4d6,piercing,5d6,force",dex,n,"<p>A large crystalline shard of aether materializes before you and rushes towards a target that you choose that you can see within range.  Roll a ranged spell attack.  On hit, the target takes 6d10 piercing damage.  In either case the shard explodes, causing all creatures within 10 feet of the initial target to make a Dexterity (Save) check.  On failure, that creature takes 4d6 piercing damage, or half as much on a success. <br>&nbsp;&nbsp;&nbsp;&nbsp;At the beginning of your next turn all creatures injured or affected by this spell must make a Constitution (Save) check as the crystalline shards that hit them shatter in a sonic blast.  On a failure, a target takes 5d6 force damage, but takes half as much damage on a success.</p>",icons/magic/sonic/explosion-shock-wave-teal.webp
6YF5LESOLNIOTVM1,Despair,7,n,evo,y,y,n,,n,,1,action,n,,inst,n,60,ft,1,,creature,rsak,"11d6,chaos,4d6,fire,6d6,fire(nearby)",dex,n,"<p>Make a spell attack roll against a creature within range. On success, you create painless, structural cracks in reality around a creature&rsquo;s being. Audible, ominous creaking can be heard from the creature this spell is cast on. At the start of your next full turn, an invisible explosion wracks their body from the inside out, dealing 11d6 chaos damage and 4d6 fire damage.</p><p>The seeming explosion generates an intense heat around them. Any creatures within a 10ft radius of the target when they explode must make a Dexterity (Save) Check, taking 6d6 fire damage on failure, or half on success.</p>",icons/magic/fire/flame-burning-creature-skeleton.webp
